Date / Time,Product,SKU,Store Name,Rating,Stock,Reviews,Original Price,Sale Price,Discount
11-Sep-23-09:59:36-AM,Heel Pain Anti Crack Silicone Care Set Trusti Product,130256351_PK-1290094146,Bunyad Collection (Karachi),2.6,2516,3839,Rs. 219,Rs. 78,-30
15-Sep-23-12:49:31-PM,Product C,SKU B,Bunyad Collection (Karachi),2.4,13609,4632,Rs. 332,Rs. 73,-50
15-Sep-23-01:55:03-PM,Product B,SKU C,Store C,3.8,5566,2710,Rs. 236,Rs. 92,-50
16-Sep-23-01:54:37-PM,Product C,SKU C,Store B,3.0,13390,4725,Rs. 286,Rs. 69,-30
17-Sep-23-01:54:58-PM,Product B,SKU B,Store B,3.0,16653,2847,Rs. 216,Rs. 87,-50
18-Sep-23-01:55:03-PM,Heel Pain Anti Crack Silicone Care Set Trusti Product,SKU C,Store C,3.7,15310,1525,Rs. 265,Rs. 75,-30
19-Sep-23-01:54:36-PM,Product B,SKU C,Bunyad Collection (Karachi),3.3,16060,3712,Rs. 428,Rs. 99,-30
20-Sep-23-01:54:33-PM,Heel Pain Anti Crack Silicone Care Set Trusti Product,130256351_PK-1290094146,Store C,2.9,5018,3990,Rs. 384,Rs. 78,-30
21-Sep-23-01:54:47-PM,Product B,130256351_PK-1290094146,Store B,3.3,5712,3188,Rs. 136,Rs. 75,-50
22-Sep-23-01:54:45-PM,Product C,SKU B,Store C,1.8,15352,4910,Rs. 360,Rs. 84,-30
23-Sep-23-01:54:53-PM,Product B,130256351_PK-1290094146,Bunyad Collection (Karachi),1.6,7009,2255,Rs. 133,Rs. 79,-30
24-Sep-23-01:54:49-PM,Product C,SKU B,Bunyad Collection (Karachi),1.6,8054,1426,Rs. 475,Rs. 91,-30
25-Sep-23-01:54:55-PM,Product B,130256351_PK-1290094146,Store C,4.4,7301,4861,Rs. 214,Rs. 71,-72
26-Sep-23-01:54:37-PM,Heel Pain Anti Crack Silicone Care Set Trusti Product,SKU B,Bunyad Collection (Karachi),4.3,17723,4288,Rs. 483,Rs. 81,-30
27-Sep-23-01:54:40-PM,Product C,130256351_PK-1290094146,Store C,4.2,13131,3231,Rs. 219,Rs. 53,-72
28-Sep-23-01:54:43-PM,Heel Pain Anti Crack Silicone Care Set Trusti Product,SKU C,Store B,2.0,13009,3897,Rs. 265,Rs. 65,-30
29-Sep-23-01:54:40-PM,Product C,SKU C,Bunyad Collection (Karachi),3.2,3284,1732,Rs. 365,Rs. 97,-30
30-Sep-23-01:54:43-PM,Product C,SKU C,Bunyad Collection (Karachi),1.1,10783,4958,Rs. 292,Rs. 92,-30
01-Oct-23-01:54:52-PM,Heel Pain Anti Crack Silicone Care Set Trusti Product,130256351_PK-1290094146,Store C,1.4,5541,4304,Rs. 409,Rs. 59,-30
02-Oct-23-01:54:40-PM,Product B,SKU B,Store B,3.0,10225,2992,Rs. 341,Rs. 88,-72
03-Oct-23-01:54:58-PM,Product C,130256351_PK-1290094146,Store B,3.6,9595,2687,Rs. 242,Rs. 76,-50
04-Oct-23-01:54:45-PM,Product B,130256351_PK-1290094146,Bunyad Collection (Karachi),2.7,19604,1940,Rs. 125,Rs. 90,-72
05-Oct-23-01:54:47-PM,Heel Pain Anti Crack Silicone Care Set Trusti Product,SKU B,Store B,2.2,3224,3468,Rs. 256,Rs. 92,-50
06-Oct-23-01:54:52-PM,Heel Pain Anti Crack Silicone Care Set Trusti Product,130256351_PK-1290094146,Bunyad Collection (Karachi),2.6,18862,3405,Rs. 492,Rs. 67,-50
07-Oct-23-01:54:59-PM,Product B,SKU C,Store C,1.2,4466,3671,Rs. 260,Rs. 54,-30
08-Oct-23-01:54:37-PM,Heel Pain Anti Crack Silicone Care Set Trusti Product,SKU C,Store B,1.5,14355,4111,Rs. 397,Rs. 67,-30
09-Oct-23-01:54:37-PM,Product B,130256351_PK-1290094146,Store B,1.7,18433,4368,Rs. 186,Rs. 50,-30
10-Oct-23-01:54:34-PM,Product C,SKU C,Store C,2.0,6467,2165,Rs. 270,Rs. 98,-72
11-Oct-23-01:54:41-PM,Heel Pain Anti Crack Silicone Care Set Trusti Product,SKU B,Store B,3.0,2588,4545,Rs. 162,Rs. 89,-50
12-Oct-23-01:54:45-PM,Product B,130256351_PK-1290094146,Store C,2.7,17168,2531,Rs. 340,Rs. 89,-50
13-Oct-23-01:54:53-PM,Heel Pain Anti Crack Silicone Care Set Trusti Product,130256351_PK-1290094146,Store B,2.6,17476,1178,Rs. 281,Rs. 77,-50
14-Oct-23-01:54:59-PM,Product B,130256351_PK-1290094146,Store C,3.1,17816,1864,Rs. 313,Rs. 61,-72
15-Oct-23-01:54:41-PM,Product B,130256351_PK-1290094146,Bunyad Collection (Karachi),1.9,16346,4492,Rs. 259,Rs. 90,-72
16-Oct-23-01:54:34-PM,Product B,SKU B,Store B,2.9,15322,4476,Rs. 403,Rs. 90,-72
17-Oct-23-01:54:37-PM,Product C,SKU C,Bunyad Collection (Karachi),1.0,8825,1672,Rs. 284,Rs. 95,-72
18-Oct-23-01:54:41-PM,Heel Pain Anti Crack Silicone Care Set Trusti Product,SKU B,Store B,1.1,5667,4328,Rs. 220,Rs. 97,-72
19-Oct-23-01:54:41-PM,Product B,SKU B,Store C,3.6,10274,4013,Rs. 352,Rs. 70,-50
20-Oct-23-01:54:55-PM,Product C,SKU B,Bunyad Collection (Karachi),1.1,18972,2628,Rs. 157,Rs. 89,-72
21-Oct-23-01:54:53-PM,Product B,SKU C,Store B,2.7,2318,2210,Rs. 363,Rs. 79,-30
22-Oct-23-01:54:51-PM,Heel Pain Anti Crack Silicone Care Set Trusti Product,SKU C,Bunyad Collection (Karachi),3.5,2404,1842,Rs. 262,Rs. 72,-30
23-Oct-23-01:54:57-PM,Product B,SKU C,Store C,2.9,10444,2168,Rs. 190,Rs. 75,-30
24-Oct-23-01:54:51-PM,Product B,SKU C,Store B,1.8,17269,4476,Rs. 230,Rs. 60,-50
25-Oct-23-01:54:57-PM,Product B,SKU B,Store B,4.9,4768,2184,Rs. 301,Rs. 52,-30
26-Oct-23-01:54:46-PM,Heel Pain Anti Crack Silicone Care Set Trusti Product,SKU B,Bunyad Collection (Karachi),3.2,19564,3078,Rs. 267,Rs. 58,-30
27-Oct-23-01:54:57-PM,Heel Pain Anti Crack Silicone Care Set Trusti Product,SKU C,Store B,3.9,3272,1659,Rs. 122,Rs. 61,-72
28-Oct-23-01:54:48-PM,Heel Pain Anti Crack Silicone Care Set Trusti Product,SKU C,Bunyad Collection (Karachi),2.9,18400,4087,Rs. 174,Rs. 64,-30
29-Oct-23-01:54:43-PM,Heel Pain Anti Crack Silicone Care Set Trusti Product,SKU C,Store C,1.3,14238,2528,Rs. 430,Rs. 50,-50
30-Oct-23-01:54:40-PM,Heel Pain Anti Crack Silicone Care Set Trusti Product,SKU B,Bunyad Collection (Karachi),2.8,12501,1022,Rs. 470,Rs. 97,-50
31-Oct-23-01:54:40-PM,Heel Pain Anti Crack Silicone Care Set Trusti Product,SKU C,Store C,4.3,11582,4431,Rs. 382,Rs. 89,-30
01-Nov-23-01:54:52-PM,Product B,130256351_PK-1290094146,Store C,3.1,13712,3627,Rs. 158,Rs. 95,-50
02-Nov-23-01:54:36-PM,Product B,SKU C,Store C,4.6,9457,1679,Rs. 457,Rs. 78,-72
03-Nov-23-01:54:44-PM,Product B,SKU B,Store C,4.1,8045,1630,Rs. 428,Rs. 91,-50
04-Nov-23-01:54:37-PM,Heel Pain Anti Crack Silicone Care Set Trusti Product,SKU B,Bunyad Collection (Karachi),2.9,1736,4860,Rs. 131,Rs. 52,-50
05-Nov-23-01:54:33-PM,Heel Pain Anti Crack Silicone Care Set Trusti Product,130256351_PK-1290094146,Store C,2.2,14287,3342,Rs. 105,Rs. 91,-30
06-Nov-23-01:54:50-PM,Product B,130256351_PK-1290094146,Store C,2.2,5439,2020,Rs. 238,Rs. 64,-72
07-Nov-23-01:54:46-PM,Heel Pain Anti Crack Silicone Care Set Trusti Product,130256351_PK-1290094146,Bunyad Collection (Karachi),1.6,16591,1253,Rs. 464,Rs. 94,-72
08-Nov-23-01:54:46-PM,Product C,130256351_PK-1290094146,Store B,3.1,2624,4388,Rs. 226,Rs. 70,-72
09-Nov-23-01:54:46-PM,Product B,SKU B,Store B,2.1,1088,2049,Rs. 266,Rs. 96,-30
10-Nov-23-01:54:57-PM,Product C,SKU C,Bunyad Collection (Karachi),4.5,1053,2415,Rs. 181,Rs. 77,-50
11-Nov-23-01:54:33-PM,Product C,SKU C,Bunyad Collection (Karachi),4.7,18457,4781,Rs. 302,Rs. 83,-50
12-Nov-23-01:54:35-PM,Heel Pain Anti Crack Silicone Care Set Trusti Product,SKU B,Store B,1.1,5445,4934,Rs. 421,Rs. 73,-30
13-Nov-23-01:54:48-PM,Heel Pain Anti Crack Silicone Care Set Trusti Product,SKU B,Store B,3.4,14272,2921,Rs. 451,Rs. 82,-30
14-Nov-23-01:54:55-PM,Product C,130256351_PK-1290094146,Store B,3.1,12749,4589,Rs. 277,Rs. 70,-30
15-Nov-23-01:54:42-PM,Product B,130256351_PK-1290094146,Store C,2.7,2541,2451,Rs. 391,Rs. 63,-72
16-Nov-23-01:54:48-PM,Heel Pain Anti Crack Silicone Care Set Trusti Product,SKU C,Bunyad Collection (Karachi),4.4,10790,4924,Rs. 323,Rs. 81,-50
17-Nov-23-01:54:49-PM,Heel Pain Anti Crack Silicone Care Set Trusti Product,SKU B,Store C,4.3,4376,4848,Rs. 499,Rs. 72,-72
18-Nov-23-01:54:59-PM,Heel Pain Anti Crack Silicone Care Set Trusti Product,130256351_PK-1290094146,Store B,2.8,1289,3471,Rs. 473,Rs. 78,-50
19-Nov-23-01:54:52-PM,Product B,130256351_PK-1290094146,Store C,4.4,7714,1113,Rs. 311,Rs. 67,-30
20-Nov-23-01:54:37-PM,Product B,130256351_PK-1290094146,Store C,4.5,12079,3246,Rs. 425,Rs. 67,-72
21-Nov-23-01:54:48-PM,Product B,SKU B,Store C,2.2,14576,3292,Rs. 487,Rs. 91,-72
22-Nov-23-01:54:54-PM,Product B,SKU B,Bunyad Collection (Karachi),1.6,4317,3078,Rs. 400,Rs. 90,-50
23-Nov-23-01:54:42-PM,Product C,SKU C,Bunyad Collection (Karachi),2.9,15101,2985,Rs. 230,Rs. 74,-72
24-Nov-23-01:54:37-PM,Heel Pain Anti Crack Silicone Care Set Trusti Product,SKU B,Store C,3.9,8186,2799,Rs. 189,Rs. 57,-30
25-Nov-23-01:54:42-PM,Heel Pain Anti Crack Silicone Care Set Trusti Product,SKU B,Store B,2.7,4035,2917,Rs. 144,Rs. 70,-50
26-Nov-23-01:54:51-PM,Product B,130256351_PK-1290094146,Store C,1.1,4538,1583,Rs. 324,Rs. 79,-72
27-Nov-23-01:54:37-PM,Heel Pain Anti Crack Silicone Care Set Trusti Product,SKU B,Store B,2.7,3683,2453,Rs. 464,Rs. 90,-50
28-Nov-23-01:54:50-PM,Heel Pain Anti Crack Silicone Care Set Trusti Product,SKU C,Store B,1.4,8396,3919,Rs. 316,Rs. 87,-30
29-Nov-23-01:54:39-PM,Product C,SKU C,Store C,4.7,14460,2182,Rs. 415,Rs. 77,-72
30-Nov-23-01:54:48-PM,Product C,SKU B,Bunyad Collection (Karachi),3.3,12035,1080,Rs. 123,Rs. 56,-72
01-Dec-23-01:54:52-PM,Product C,SKU C,Store B,2.2,13506,2008,Rs. 354,Rs. 86,-72
02-Dec-23-01:54:34-PM,Heel Pain Anti Crack Silicone Care Set Trusti Product,SKU B,Store B,2.3,13610,1031,Rs. 319,Rs. 63,-50
03-Dec-23-01:54:46-PM,Product B,SKU C,Bunyad Collection (Karachi),3.8,4083,2071,Rs. 195,Rs. 81,-72
04-Dec-23-01:54:37-PM,Product B,130256351_PK-1290094146,Bunyad Collection (Karachi),4.8,4574,3213,Rs. 142,Rs. 69,-30
05-Dec-23-01:54:49-PM,Product C,SKU C,Bunyad Collection (Karachi),3.0,3277,3905,Rs. 127,Rs. 59,-50
06-Dec-23-01:54:44-PM,Product C,SKU B,Store B,4.3,15372,4778,Rs. 444,Rs. 74,-50
07-Dec-23-01:54:36-PM,Heel Pain Anti Crack Silicone Care Set Trusti Product,SKU C,Store C,2.6,18051,1349,Rs. 451,Rs. 85,-50
08-Dec-23-01:54:41-PM,Heel Pain Anti Crack Silicone Care Set Trusti Product,SKU C,Store B,3.5,3770,2442,Rs. 401,Rs. 71,-50
09-Dec-23-01:54:37-PM,Product C,SKU C,Store C,1.1,11693,4380,Rs. 327,Rs. 76,-30
10-Dec-23-01:54:49-PM,Heel Pain Anti Crack Silicone Care Set Trusti Product,130256351_PK-1290094146,Store B,4.0,18430,4162,Rs. 303,Rs. 58,-30
11-Dec-23-01:54:40-PM,Product B,130256351_PK-1290094146,Bunyad Collection (Karachi),3.9,5961,1505,Rs. 244,Rs. 89,-30
12-Dec-23-01:54:37-PM,Product C,SKU C,Bunyad Collection (Karachi),3.4,6644,1696,Rs. 287,Rs. 90,-72
13-Dec-23-01:54:51-PM,Product B,SKU C,Store B,4.9,9800,1661,Rs. 409,Rs. 53,-30
14-Dec-23-01:54:46-PM,Product C,SKU C,Store B,3.1,7461,2043,Rs. 390,Rs. 68,-50
15-Dec-23-01:54:42-PM,Product B,SKU B,Bunyad Collection (Karachi),3.9,13593,1096,Rs. 478,Rs. 96,-72
16-Dec-23-01:54:59-PM,Product C,SKU C,Store C,4.8,4202,4687,Rs. 271,Rs. 67,-72
17-Dec-23-01:54:48-PM,Heel Pain Anti Crack Silicone Care Set Trusti Product,SKU B,Bunyad Collection (Karachi),1.5,2007,4257,Rs. 179,Rs. 84,-72
18-Dec-23-01:54:53-PM,Product C,130256351_PK-1290094146,Bunyad Collection (Karachi),1.0,11326,1317,Rs. 128,Rs. 86,-30
19-Dec-23-01:54:39-PM,Product C,SKU C,Store B,3.9,1634,2847,Rs. 125,Rs. 70,-30
20-Dec-23-01:54:57-PM,Heel Pain Anti Crack Silicone Care Set Trusti Product,SKU B,Store C,3.5,17393,4918,Rs. 170,Rs. 82,-30
21-Dec-23-01:54:33-PM,Heel Pain Anti Crack Silicone Care Set Trusti Product,130256351_PK-1290094146,Store B,3.3,17840,4198,Rs. 164,Rs. 60,-72
22-Dec-23-01:54:34-PM,Product C,SKU B,Store B,3.7,4126,4250,Rs. 289,Rs. 60,-30
23-Dec-23-01:54:52-PM,Product C,SKU B,Bunyad Collection (Karachi),2.5,18367,4894,Rs. 292,Rs. 100,-50
24-Dec-23-01:54:33-PM,Product C,SKU C,Store C,1.4,13483,2802,Rs. 114,Rs. 75,-30
25-Dec-23-01:54:56-PM,Product C,SKU C,Store C,1.5,16504,2176,Rs. 314,Rs. 92,-72
26-Dec-23-01:54:32-PM,Product B,SKU B,Store B,4.7,7996,1087,Rs. 153,Rs. 77,-72
27-Dec-23-01:54:33-PM,Product B,SKU C,Store B,4.2,19707,2634,Rs. 467,Rs. 56,-30
28-Dec-23-01:54:35-PM,Product B,SKU C,Store B,3.9,5485,2239,Rs. 415,Rs. 76,-30
29-Dec-23-01:54:38-PM,Product C,SKU B,Store B,1.5,17383,3606,Rs. 331,Rs. 74,-30
30-Dec-23-01:54:46-PM,Heel Pain Anti Crack Silicone Care Set Trusti Product,130256351_PK-1290094146,Store C,4.2,11688,4225,Rs. 387,Rs. 54,-30
31-Dec-23-01:54:46-PM,Heel Pain Anti Crack Silicone Care Set Trusti Product,SKU B,Store B,3.4,19875,4689,Rs. 299,Rs. 68,-30
01-Jan-24-01:54:45-PM,Product C,SKU B,Store C,2.4,16170,2757,Rs. 160,Rs. 51,-72
02-Jan-24-01:54:40-PM,Heel Pain Anti Crack Silicone Care Set Trusti Product,130256351_PK-1290094146,Store C,3.1,19071,2893,Rs. 496,Rs. 84,-50
03-Jan-24-01:54:35-PM,Heel Pain Anti Crack Silicone Care Set Trusti Product,SKU B,Store C,3.3,5621,1108,Rs. 197,Rs. 53,-72
04-Jan-24-01:54:50-PM,Heel Pain Anti Crack Silicone Care Set Trusti Product,130256351_PK-1290094146,Store C,3.6,18910,2898,Rs. 445,Rs. 54,-50
05-Jan-24-01:54:34-PM,Product B,130256351_PK-1290094146,Bunyad Collection (Karachi),4.0,9939,3354,Rs. 256,Rs. 96,-30
06-Jan-24-01:54:50-PM,Product C,SKU C,Store B,2.1,5039,3983,Rs. 497,Rs. 65,-72
07-Jan-24-01:54:46-PM,Heel Pain Anti Crack Silicone Care Set Trusti Product,130256351_PK-1290094146,Store C,2.7,8322,2731,Rs. 117,Rs. 95,-30
08-Jan-24-01:54:48-PM,Heel Pain Anti Crack Silicone Care Set Trusti Product,SKU C,Store B,4.4,15604,4904,Rs. 146,Rs. 93,-50
09-Jan-24-01:54:52-PM,Heel Pain Anti Crack Silicone Care Set Trusti Product,SKU C,Store B,1.7,9387,2464,Rs. 345,Rs. 66,-50
10-Jan-24-01:54:35-PM,Product C,130256351_PK-1290094146,Bunyad Collection (Karachi),1.3,15122,1567,Rs. 123,Rs. 73,-72
11-Jan-24-01:54:38-PM,Product C,130256351_PK-1290094146,Bunyad Collection (Karachi),2.9,3496,4053,Rs. 321,Rs. 60,-30
12-Jan-24-01:54:41-PM,Heel Pain Anti Crack Silicone Care Set Trusti Product,SKU B,Store C,4.5,9938,3138,Rs. 200,Rs. 97,-30
13-Jan-24-01:54:49-PM,Product B,130256351_PK-1290094146,Bunyad Collection (Karachi),5.0,6127,1892,Rs. 470,Rs. 98,-72
14-Jan-24-01:54:55-PM,Product B,130256351_PK-1290094146,Store B,3.5,11328,2148,Rs. 255,Rs. 60,-72
15-Jan-24-01:54:52-PM,Product B,SKU C,Bunyad Collection (Karachi),1.2,1567,3169,Rs. 248,Rs. 81,-50
16-Jan-24-01:54:54-PM,Product B,SKU C,Store B,3.5,1078,2500,Rs. 483,Rs. 83,-72
17-Jan-24-01:54:35-PM,Product C,SKU B,Store B,1.5,4116,1692,Rs. 374,Rs. 58,-50
18-Jan-24-01:54:52-PM,Product B,SKU C,Store B,4.0,15614,2980,Rs. 275,Rs. 99,-50
19-Jan-24-01:54:50-PM,Product B,SKU B,Store B,2.0,13599,1780,Rs. 365,Rs. 54,-50
20-Jan-24-01:54:48-PM,Product C,SKU B,Store B,2.8,14532,2714,Rs. 116,Rs. 72,-50
21-Jan-24-01:54:33-PM,Product B,SKU C,Bunyad Collection (Karachi),4.8,13733,2492,Rs. 286,Rs. 93,-72
22-Jan-24-01:54:54-PM,Product C,SKU C,Bunyad Collection (Karachi),1.7,18339,4913,Rs. 118,Rs. 52,-50
23-Jan-24-01:54:36-PM,Product B,130256351_PK-1290094146,Store C,3.8,12982,1693,Rs. 420,Rs. 97,-30
24-Jan-24-01:54:49-PM,Heel Pain Anti Crack Silicone Care Set Trusti Product,SKU C,Bunyad Collection (Karachi),4.5,10341,2321,Rs. 300,Rs. 56,-72
25-Jan-24-01:54:44-PM,Product B,SKU C,Store C,2.0,1020,2900,Rs. 439,Rs. 68,-72
26-Jan-24-01:54:40-PM,Heel Pain Anti Crack Silicone Care Set Trusti Product,SKU B,Bunyad Collection (Karachi),3.9,14678,3323,Rs. 176,Rs. 89,-30
27-Jan-24-01:54:52-PM,Product C,130256351_PK-1290094146,Bunyad Collection (Karachi),1.2,8078,1706,Rs. 268,Rs. 90,-72
28-Jan-24-01:54:47-PM,Heel Pain Anti Crack Silicone Care Set Trusti Product,130256351_PK-1290094146,Store C,1.9,8468,3157,Rs. 460,Rs. 65,-50
29-Jan-24-01:54:36-PM,Product C,130256351_PK-1290094146,Store C,4.0,1595,3528,Rs. 286,Rs. 72,-30
30-Jan-24-01:54:48-PM,Product B,SKU B,Store C,1.1,14705,4708,Rs. 119,Rs. 85,-30
31-Jan-24-01:54:36-PM,Product B,SKU B,Store C,2.7,14268,2279,Rs. 314,Rs. 76,-30
01-Feb-24-01:54:35-PM,Product B,130256351_PK-1290094146,Bunyad Collection (Karachi),1.4,19497,2269,Rs. 417,Rs. 91,-72
02-Feb-24-01:54:49-PM,Heel Pain Anti Crack Silicone Care Set Trusti Product,SKU B,Bunyad Collection (Karachi),4.6,10759,1616,Rs. 182,Rs. 92,-30
03-Feb-24-01:54:44-PM,Product C,SKU C,Bunyad Collection (Karachi),1.4,9288,3208,Rs. 252,Rs. 54,-50
04-Feb-24-01:54:34-PM,Product B,SKU B,Bunyad Collection (Karachi),4.7,17885,4298,Rs. 149,Rs. 95,-72
05-Feb-24-01:54:47-PM,Product C,SKU B,Store C,3.1,11223,1088,Rs. 499,Rs. 69,-50
06-Feb-24-01:54:31-PM,Product C,130256351_PK-1290094146,Bunyad Collection (Karachi),3.3,11261,4523,Rs. 306,Rs. 64,-50
07-Feb-24-01:54:51-PM,Heel Pain Anti Crack Silicone Care Set Trusti Product,SKU B,Store B,3.5,8758,4483,Rs. 150,Rs. 53,-30
08-Feb-24-01:54:35-PM,Product B,SKU C,Store C,4.3,16364,1092,Rs. 318,Rs. 66,-30
09-Feb-24-01:54:41-PM,Product C,130256351_PK-1290094146,Store C,3.6,16524,1507,Rs. 179,Rs. 62,-30
10-Feb-24-01:54:44-PM,Product B,SKU B,Bunyad Collection (Karachi),5.0,2438,3429,Rs. 454,Rs. 60,-72
11-Feb-24-01:54:53-PM,Product C,130256351_PK-1290094146,Store C,2.1,4397,4840,Rs. 270,Rs. 69,-30
12-Feb-24-01:54:47-PM,Heel Pain Anti Crack Silicone Care Set Trusti Product,SKU B,Store B,4.1,3379,4020,Rs. 218,Rs. 58,-50
13-Feb-24-01:54:31-PM,Product C,130256351_PK-1290094146,Bunyad Collection (Karachi),3.6,2103,4444,Rs. 453,Rs. 99,-30
14-Feb-24-01:54:42-PM,Product B,SKU C,Store B,3.4,16193,4468,Rs. 384,Rs. 90,-50
15-Feb-24-01:54:32-PM,Product C,130256351_PK-1290094146,Store C,3.1,3871,3020,Rs. 214,Rs. 70,-50
16-Feb-24-01:54:45-PM,Heel Pain Anti Crack Silicone Care Set Trusti Product,SKU B,Store B,4.2,11092,4272,Rs. 171,Rs. 51,-50
17-Feb-24-01:54:37-PM,Product B,SKU B,Bunyad Collection (Karachi),1.3,16919,2796,Rs. 499,Rs. 82,-30
18-Feb-24-01:54:52-PM,Product B,SKU B,Store B,4.2,8780,1424,Rs. 327,Rs. 83,-30
19-Feb-24-01:54:36-PM,Product B,SKU C,Store C,2.9,1345,3476,Rs. 464,Rs. 67,-30
20-Feb-24-01:54:51-PM,Product B,SKU B,Bunyad Collection (Karachi),1.7,9524,4705,Rs. 395,Rs. 57,-50
21-Feb-24-01:54:39-PM,Product B,130256351_PK-1290094146,Store C,1.7,1372,2927,Rs. 331,Rs. 57,-50
22-Feb-24-01:54:34-PM,Product B,SKU B,Store B,1.3,14800,3197,Rs. 148,Rs. 90,-50
23-Feb-24-01:54:42-PM,Heel Pain Anti Crack Silicone Care Set Trusti Product,SKU B,Store B,4.6,17636,1072,Rs. 109,Rs. 65,-50
24-Feb-24-01:54:38-PM,Product B,SKU C,Store B,1.9,16689,1670,Rs. 341,Rs. 77,-72
25-Feb-24-01:54:34-PM,Product C,130256351_PK-1290094146,Store B,1.9,15885,3531,Rs. 121,Rs. 70,-72
26-Feb-24-01:54:41-PM,Product C,SKU B,Store C,3.1,8056,1055,Rs. 158,Rs. 57,-30
27-Feb-24-01:54:45-PM,Heel Pain Anti Crack Silicone Care Set Trusti Product,SKU C,Store C,1.6,18275,4648,Rs. 353,Rs. 92,-30
28-Feb-24-01:54:49-PM,Heel Pain Anti Crack Silicone Care Set Trusti Product,130256351_PK-1290094146,Store C,2.8,4640,2709,Rs. 103,Rs. 92,-30
29-Feb-24-01:54:31-PM,Product B,SKU B,Store C,1.7,6406,3640,Rs. 370,Rs. 89,-30
01-Mar-24-01:54:33-PM,Product C,SKU C,Bunyad Collection (Karachi),3.0,13201,4228,Rs. 375,Rs. 83,-50
02-Mar-24-01:54:40-PM,Heel Pain Anti Crack Silicone Care Set Trusti Product,SKU B,Bunyad Collection (Karachi),1.5,8318,4770,Rs. 220,Rs. 63,-72
03-Mar-24-01:54:54-PM,Product B,SKU C,Bunyad Collection (Karachi),4.2,2507,3977,Rs. 249,Rs. 79,-50
04-Mar-24-03:29:52-PM,Product C,SKU C,Bunyad Collection (Karachi),4.4,14122,3552,Rs. 333,Rs. 84,-72
05-Mar-24-01:54:33-PM,Product B,130256351_PK-1290094146,Store B,4.0,19125,3260,Rs. 446,Rs. 98,-30
06-Mar-24-01:54:36-PM,Product C,SKU B,Bunyad Collection (Karachi),3.0,4369,1859,Rs. 400,Rs. 60,-50
07-Mar-24-01:54:35-PM,Product B,130256351_PK-1290094146,Bunyad Collection (Karachi),4.2,1784,1134,Rs. 441,Rs. 79,-30
08-Mar-24-01:54:46-PM,Product B,130256351_PK-1290094146,Store C,1.7,5900,1710,Rs. 182,Rs. 84,-50
09-Mar-24-01:54:40-PM,Product C,SKU C,Store B,1.1,15925,3695,Rs. 172,Rs. 86,-72
10-Mar-24-01:54:44-PM,Product B,SKU C,Bunyad Collection (Karachi),4.7,19945,3059,Rs. 495,Rs. 79,-50
11-Mar-24-01:54:45-PM,Heel Pain Anti Crack Silicone Care Set Trusti Product,SKU B,Store B,1.8,7801,4880,Rs. 291,Rs. 88,-30
12-Mar-24-01:54:32-PM,Heel Pain Anti Crack Silicone Care Set Trusti Product,SKU C,Store B,4.4,2221,3803,Rs. 410,Rs. 69,-50
13-Mar-24-01:54:40-PM,Product B,SKU B,Store C,4.8,12114,3119,Rs. 439,Rs. 59,-50
14-Mar-24-01:54:54-PM,Product B,130256351_PK-1290094146,Bunyad Collection (Karachi),4.4,4871,1203,Rs. 166,Rs. 94,-72
15-Mar-24-01:54:42-PM,Heel Pain Anti Crack Silicone Care Set Trusti Product,SKU C,Store B,1.1,18587,3469,Rs. 490,Rs. 78,-50
16-Mar-24-01:54:40-PM,Product B,SKU C,Store B,3.9,2230,2740,Rs. 167,Rs. 50,-72
17-Mar-24-01:54:32-PM,Heel Pain Anti Crack Silicone Care Set Trusti Product,SKU C,Bunyad Collection (Karachi),3.8,18690,3102,Rs. 132,Rs. 85,-50
18-Mar-24-01:54:51-PM,Product C,SKU C,Bunyad Collection (Karachi),3.4,9229,2502,Rs. 425,Rs. 93,-72
19-Mar-24-01:54:43-PM,Product C,130256351_PK-1290094146,Store C,2.5,10782,3104,Rs. 237,Rs. 82,-30
20-Mar-24-01:54:39-PM,Product C,130256351_PK-1290094146,Bunyad Collection (Karachi),2.2,14125,1009,Rs. 257,Rs. 91,-30
21-Mar-24-01:54:39-PM,Heel Pain Anti Crack Silicone Care Set Trusti Product,SKU C,Bunyad Collection (Karachi),3.6,8857,4450,Rs. 340,Rs. 66,-30
22-Mar-24-01:54:33-PM,Product C,130256351_PK-1290094146,Bunyad Collection (Karachi),3.0,17237,1341,Rs. 258,Rs. 51,-50
23-Mar-24-01:54:57-PM,Heel Pain Anti Crack Silicone Care Set Trusti Product,130256351_PK-1290094146,Bunyad Collection (Karachi),3.3,17060,1986,Rs. 342,Rs. 61,-30
24-Mar-24-01:54:43-PM,Heel Pain Anti Crack Silicone Care Set Trusti Product,SKU B,Store B,2.9,13510,4169,Rs. 480,Rs. 64,-30
25-Mar-24-01:54:49-PM,Product B,130256351_PK-1290094146,Bunyad Collection (Karachi),4.7,13199,3056,Rs. 168,Rs. 91,-72
26-Mar-24-01:54:58-PM,Product C,SKU C,Store C,4.4,19860,2876,Rs. 425,Rs. 50,-30
27-Mar-24-01:54:36-PM,Heel Pain Anti Crack Silicone Care Set Trusti Product,SKU B,Store B,3.4,17754,2627,Rs. 290,Rs. 50,-72
28-Mar-24-01:54:33-PM,Heel Pain Anti Crack Silicone Care Set Trusti Product,130256351_PK-1290094146,Store C,2.4,15865,3024,Rs. 499,Rs. 71,-50
29-Mar-24-01:54:32-PM,Heel Pain Anti Crack Silicone Care Set Trusti Product,SKU B,Store B,3.1,5216,4218,Rs. 436,Rs. 61,-72
30-Mar-24-01:54:35-PM,Product C,130256351_PK-1290094146,Store B,2.1,8103,1017,Rs. 191,Rs. 90,-72
31-Mar-24-01:54:34-PM,Product B,SKU C,Bunyad Collection (Karachi),1.3,14686,3001,Rs. 225,Rs. 56,-50
01-Apr-24-01:54:38-PM,Product B,SKU C,Bunyad Collection (Karachi),3.8,8738,3695,Rs. 220,Rs. 84,-72
02-Apr-24-01:54:44-PM,Product B,SKU B,Bunyad Collection (Karachi),1.9,15448,2928,Rs. 334,Rs. 97,-30
03-Apr-24-01:54:39-PM,Product C,SKU B,Store B,3.5,3159,1800,Rs. 206,Rs. 69,-30
04-Apr-24-01:54:37-PM,Product B,SKU C,Bunyad Collection (Karachi),4.3,4333,3794,Rs. 436,Rs. 76,-30
05-Apr-24-01:55:48-PM,Heel Pain Anti Crack Silicone Care Set Trusti Product,SKU B,Store C,3.5,19914,2350,Rs. 185,Rs. 99,-50
06-Apr-24-01:54:47-PM,Product C,130256351_PK-1290094146,Store C,3.9,14680,2248,Rs. 218,Rs. 67,-50
07-Apr-24-01:54:54-PM,Product C,SKU C,Bunyad Collection (Karachi),3.8,13588,4329,Rs. 224,Rs. 60,-30
08-Apr-24-01:54:54-PM,Product B,130256351_PK-1290094146,Bunyad Collection (Karachi),3.2,13085,4450,Rs. 279,Rs. 70,-30
09-Apr-24-01:54:35-PM,Heel Pain Anti Crack Silicone Care Set Trusti Product,SKU B,Store C,3.5,14505,2451,Rs. 292,Rs. 56,-30
10-Apr-24-01:54:39-PM,Product B,SKU B,Store C,1.5,9853,1317,Rs. 347,Rs. 58,-30
11-Apr-24-01:54:54-PM,Product B,SKU B,Store B,1.7,5231,2474,Rs. 109,Rs. 98,-30
12-Apr-24-01:54:37-PM,Heel Pain Anti Crack Silicone Care Set Trusti Product,SKU C,Bunyad Collection (Karachi),3.1,16260,4752,Rs. 225,Rs. 81,-72
13-Apr-24-01:54:54-PM,Heel Pain Anti Crack Silicone Care Set Trusti Product,130256351_PK-1290094146,Store C,2.6,16775,4461,Rs. 175,Rs. 96,-72
14-Apr-24-04:13:19-PM,Heel Pain Anti Crack Silicone Care Set Trusti Product,SKU C,Store B,1.6,3342,4447,Rs. 378,Rs. 95,-50
15-Apr-24-01:54:53-PM,Product C,130256351_PK-1290094146,Store C,4.4,4762,2019,Rs. 237,Rs. 50,-72
16-Apr-24-01:54:51-PM,Heel Pain Anti Crack Silicone Care Set Trusti Product,SKU B,Store B,3.6,16467,4528,Rs. 435,Rs. 58,-30
17-Apr-24-01:54:37-PM,Product C,SKU B,Bunyad Collection (Karachi),2.8,13372,3459,Rs. 344,Rs. 52,-30
18-Apr-24-01:54:50-PM,Heel Pain Anti Crack Silicone Care Set Trusti Product,130256351_PK-1290094146,Bunyad Collection (Karachi),1.6,17690,3698,Rs. 190,Rs. 92,-30
19-Apr-24-01:54:43-PM,Heel Pain Anti Crack Silicone Care Set Trusti Product,SKU B,Store C,4.5,14399,4747,Rs. 174,Rs. 83,-50
20-Apr-24-01:54:33-PM,Product B,130256351_PK-1290094146,Store B,2.6,3484,1704,Rs. 468,Rs. 68,-30
21-Apr-24-01:54:48-PM,Product B,SKU C,Store C,3.6,4028,1390,Rs. 430,Rs. 85,-50
22-Apr-24-01:54:33-PM,Product C,SKU B,Bunyad Collection (Karachi),1.3,17109,2593,Rs. 110,Rs. 90,-50
23-Apr-24-01:54:44-PM,Product B,SKU C,Bunyad Collection (Karachi),4.8,4669,1893,Rs. 350,Rs. 66,-50
24-Apr-24-01:54:43-PM,Heel Pain Anti Crack Silicone Care Set Trusti Product,130256351_PK-1290094146,Store B,3.8,2095,2022,Rs. 215,Rs. 99,-30
25-Apr-24-01:54:47-PM,Heel Pain Anti Crack Silicone Care Set Trusti Product,SKU B,Store B,2.2,12672,1321,Rs. 315,Rs. 81,-30
26-Apr-24-01:54:39-PM,Product C,SKU B,Bunyad Collection (Karachi),4.6,14788,4755,Rs. 292,Rs. 83,-30
27-Apr-24-01:54:52-PM,Product C,SKU B,Store C,3.9,12655,3285,Rs. 169,Rs. 86,-72
28-Apr-24-01:54:50-PM,Product B,130256351_PK-1290094146,Bunyad Collection (Karachi),4.7,2826,4706,Rs. 388,Rs. 83,-72
29-Apr-24-01:54:45-PM,Heel Pain Anti Crack Silicone Care Set Trusti Product,SKU C,Store B,3.8,11923,2900,Rs. 288,Rs. 72,-50
30-Apr-24-01:54:33-PM,Product B,SKU C,Bunyad Collection (Karachi),2.4,12518,2701,Rs. 348,Rs. 91,-30
01-May-24-01:54:34-PM,Product C,SKU C,Bunyad Collection (Karachi),4.9,18557,3903,Rs. 197,Rs. 61,-72
02-May-24-01:54:34-PM,Heel Pain Anti Crack Silicone Care Set Trusti Product,130256351_PK-1290094146,Store C,3.9,17036,4924,Rs. 493,Rs. 77,-72
03-May-24-01:54:47-PM,Product C,SKU C,Bunyad Collection (Karachi),1.7,12346,2638,Rs. 132,Rs. 50,-72
04-May-24-01:54:45-PM,Product B,SKU B,Store B,3.6,6514,2958,Rs. 267,Rs. 91,-50
05-May-24-01:54:31-PM,Product C,130256351_PK-1290094146,Bunyad Collection (Karachi),3.8,6781,3927,Rs. 483,Rs. 86,-72
06-May-24-01:54:40-PM,Heel Pain Anti Crack Silicone Care Set Trusti Product,SKU C,Bunyad Collection (Karachi),4.2,19035,2109,Rs. 231,Rs. 59,-50
07-May-24-01:54:47-PM,Product B,SKU B,Store C,3.6,3769,4111,Rs. 252,Rs. 74,-72
08-May-24-01:54:51-PM,Product C,SKU C,Bunyad Collection (Karachi),2.4,16535,3005,Rs. 422,Rs. 95,-30
09-May-24-01:54:39-PM,Product C,SKU B,Bunyad Collection (Karachi),4.5,16992,3030,Rs. 249,Rs. 55,-72
10-May-24-01:54:39-PM,Product B,SKU C,Bunyad Collection (Karachi),4.8,9644,4793,Rs. 414,Rs. 99,-50
11-May-24-01:54:32-PM,Product C,SKU C,Bunyad Collection (Karachi),3.4,18974,4496,Rs. 301,Rs. 92,-72
12-May-24-01:54:51-PM,Product B,SKU C,Bunyad Collection (Karachi),3.9,18474,3112,Rs. 495,Rs. 86,-50
13-May-24-01:54:48-PM,Product B,SKU C,Bunyad Collection (Karachi),4.4,5159,4036,Rs. 220,Rs. 53,-50
14-May-24-01:54:31-PM,Product B,SKU B,Store B,4.8,13753,2298,Rs. 248,Rs. 64,-30
15-May-24-01:54:39-PM,Product C,SKU C,Store B,2.4,11862,2720,Rs. 170,Rs. 52,-50
16-May-24-01:54:35-PM,Product C,SKU B,Bunyad Collection (Karachi),2.3,12238,1683,Rs. 270,Rs. 90,-30
17-May-24-01:54:35-PM,Product C,SKU C,Store B,3.5,15780,3756,Rs. 369,Rs. 56,-30
18-May-24-01:54:53-PM,Product B,130256351_PK-1290094146,Store C,4.4,19128,4390,Rs. 195,Rs. 93,-72
19-May-24-01:54:49-PM,Product C,130256351_PK-1290094146,Store C,4.9,9610,4507,Rs. 130,Rs. 86,-50
20-May-24-01:54:42-PM,Heel Pain Anti Crack Silicone Care Set Trusti Product,SKU B,Store C,3.1,1920,4989,Rs. 335,Rs. 73,-72
21-May-24-01:54:34-PM,Product B,SKU C,Store C,2.7,14728,4328,Rs. 141,Rs. 96,-72
22-May-24-01:54:44-PM,Heel Pain Anti Crack Silicone Care Set Trusti Product,SKU C,Store B,4.7,16260,4983,Rs. 184,Rs. 68,-30
23-May-24-01:54:35-PM,Product B,130256351_PK-1290094146,Bunyad Collection (Karachi),1.9,12004,4103,Rs. 266,Rs. 82,-30
24-May-24-01:54:33-PM,Product B,SKU C,Bunyad Collection (Karachi),1.5,9652,2290,Rs. 278,Rs. 97,-72
25-May-24-01:54:34-PM,Product C,SKU B,Store C,4.8,4122,4269,Rs. 166,Rs. 81,-72
26-May-24-01:54:47-PM,Product C,130256351_PK-1290094146,Store B,1.2,3737,2739,Rs. 284,Rs. 91,-30
27-May-24-01:54:36-PM,Heel Pain Anti Crack Silicone Care Set Trusti Product,SKU B,Store C,4.0,3247,3366,Rs. 281,Rs. 74,-30
28-May-24-01:54:51-PM,Product B,130256351_PK-1290094146,Store B,2.9,15369,4585,Rs. 351,Rs. 59,-50
29-May-24-01:54:38-PM,Product B,SKU C,Bunyad Collection (Karachi),1.4,5544,1833,Rs. 173,Rs. 50,-50
30-May-24-01:54:58-PM,Product B,130256351_PK-1290094146,Store C,2.5,4808,1120,Rs. 134,Rs. 60,-30
31-May-24-01:54:49-PM,Heel Pain Anti Crack Silicone Care Set Trusti Product,SKU C,Store B,4.1,4682,2446,Rs. 327,Rs. 74,-30
01-Jun-24-01:54:46-PM,Heel Pain Anti Crack Silicone Care Set Trusti Product,130256351_PK-1290094146,Store C,1.7,9631,1658,Rs. 408,Rs. 84,-72
02-Jun-24-01:54:38-PM,Product B,130256351_PK-1290094146,Store B,3.2,3572,2269,Rs. 398,Rs. 54,-30
03-Jun-24-01:54:50-PM,Product B,130256351_PK-1290094146,Store C,3.2,2427,3863,Rs. 201,Rs. 63,-30
04-Jun-24-01:54:34-PM,Product C,SKU C,Store B,4.0,1248,4060,Rs. 114,Rs. 71,-50
05-Jun-24-01:54:41-PM,Product B,SKU B,Store B,3.6,13048,4737,Rs. 285,Rs. 76,-72
06-Jun-24-01:54:50-PM,Heel Pain Anti Crack Silicone Care Set Trusti Product,130256351_PK-1290094146,Bunyad Collection (Karachi),1.9,8991,4613,Rs. 187,Rs. 50,-30
07-Jun-24-01:54:49-PM,Product C,SKU B,Store C,3.8,8312,2262,Rs. 118,Rs. 72,-30
08-Jun-24-01:54:36-PM,Product C,130256351_PK-1290094146,Store C,3.4,2351,1137,Rs. 193,Rs. 61,-30
09-Jun-24-01:54:47-PM,Heel Pain Anti Crack Silicone Care Set Trusti Product,SKU B,Store B,2.6,13907,3648,Rs. 318,Rs. 91,-72
10-Jun-24-01:54:54-PM,Product B,130256351_PK-1290094146,Bunyad Collection (Karachi),1.7,3251,3256,Rs. 241,Rs. 100,-50
11-Jun-24-01:54:54-PM,Product B,SKU B,Store C,3.1,16118,3205,Rs. 160,Rs. 60,-72
12-Jun-24-01:54:39-PM,Product C,SKU C,Store C,3.5,2004,4597,Rs. 358,Rs. 54,-30
13-Jun-24-01:54:37-PM,Product C,SKU B,Store B,3.6,6956,3741,Rs. 384,Rs. 99,-72
14-Jun-24-01:54:46-PM,Product B,SKU C,Bunyad Collection (Karachi),2.7,6349,1068,Rs. 413,Rs. 96,-50
15-Jun-24-01:54:54-PM,Product B,130256351_PK-1290094146,Bunyad Collection (Karachi),2.7,19160,2338,Rs. 229,Rs. 75,-30
16-Jun-24-01:54:43-PM,Heel Pain Anti Crack Silicone Care Set Trusti Product,130256351_PK-1290094146,Bunyad Collection (Karachi),1.3,9236,2830,Rs. 316,Rs. 81,-50
17-Jun-24-01:54:51-PM,Product B,130256351_PK-1290094146,Bunyad Collection (Karachi),2.7,4997,3125,Rs. 425,Rs. 76,-72
18-Jun-24-01:54:52-PM,Heel Pain Anti Crack Silicone Care Set Trusti Product,SKU B,Bunyad Collection (Karachi),2.6,9234,3888,Rs. 386,Rs. 90,-50
19-Jun-24-01:54:36-PM,Heel Pain Anti Crack Silicone Care Set Trusti Product,SKU C,Bunyad Collection (Karachi),4.8,1131,2577,Rs. 208,Rs. 90,-30
20-Jun-24-01:54:38-PM,Product C,130256351_PK-1290094146,Store B,2.0,18388,1886,Rs. 353,Rs. 82,-72
21-Jun-24-01:54:47-PM,Heel Pain Anti Crack Silicone Care Set Trusti Product,130256351_PK-1290094146,Store B,3.6,13988,2774,Rs. 352,Rs. 61,-30
22-Jun-24-01:54:49-PM,Heel Pain Anti Crack Silicone Care Set Trusti Product,SKU B,Store B,4.7,8361,2195,Rs. 301,Rs. 89,-50
23-Jun-24-01:54:38-PM,Product C,SKU C,Store B,3.4,18469,4583,Rs. 334,Rs. 74,-50
24-Jun-24-01:54:34-PM,Product B,130256351_PK-1290094146,Bunyad Collection (Karachi),4.1,13128,4769,Rs. 114,Rs. 94,-72
25-Jun-24-01:54:45-PM,Product B,130256351_PK-1290094146,Store C,2.2,14039,1660,Rs. 257,Rs. 52,-30
26-Jun-24-01:54:46-PM,Product C,130256351_PK-1290094146,Bunyad Collection (Karachi),1.3,1476,4172,Rs. 103,Rs. 61,-30
27-Jun-24-01:54:44-PM,Heel Pain Anti Crack Silicone Care Set Trusti Product,SKU C,Bunyad Collection (Karachi),4.6,18716,4568,Rs. 131,Rs. 97,-50
28-Jun-24-01:54:37-PM,Product C,SKU B,Store B,4.0,11688,2429,Rs. 351,Rs. 62,-50
29-Jun-24-01:54:36-PM,Product C,SKU B,Store C,3.1,12299,3739,Rs. 320,Rs. 58,-50
30-Jun-24-01:54:33-PM,Heel Pain Anti Crack Silicone Care Set Trusti Product,SKU C,Store C,3.6,8654,4821,Rs. 184,Rs. 85,-72
01-Jul-24-01:54:33-PM,Heel Pain Anti Crack Silicone Care Set Trusti Product,130256351_PK-1290094146,Bunyad Collection (Karachi),1.8,17948,2009,Rs. 179,Rs. 95,-50
02-Jul-24-01:54:47-PM,Product C,130256351_PK-1290094146,Store C,3.8,3793,3986,Rs. 281,Rs. 99,-50
03-Jul-24-01:54:54-PM,Product B,SKU C,Bunyad Collection (Karachi),2.6,19695,2405,Rs. 151,Rs. 92,-50
04-Jul-24-01:54:58-PM,Product C,SKU C,Store C,3.5,16226,1446,Rs. 297,Rs. 67,-72
05-Jul-24-01:54:52-PM,Product B,SKU C,Bunyad Collection (Karachi),3.8,4718,4863,Rs. 288,Rs. 95,-50
06-Jul-24-01:54:51-PM,Product C,SKU B,Store B,1.9,6708,1022,Rs. 193,Rs. 99,-50
07-Jul-24-01:54:44-PM,Heel Pain Anti Crack Silicone Care Set Trusti Product,130256351_PK-1290094146,Bunyad Collection (Karachi),2.4,8407,2648,Rs. 197,Rs. 71,-50
08-Jul-24-01:54:41-PM,Product B,SKU C,Bunyad Collection (Karachi),2.3,19967,1615,Rs. 338,Rs. 73,-50
09-Jul-24-01:54:55-PM,Heel Pain Anti Crack Silicone Care Set Trusti Product,SKU C,Store C,3.1,1567,2319,Rs. 254,Rs. 93,-72
10-Jul-24-01:54:45-PM,Heel Pain Anti Crack Silicone Care Set Trusti Product,130256351_PK-1290094146,Bunyad Collection (Karachi),3.9,18101,3631,Rs. 123,Rs. 72,-72
11-Jul-24-01:54:58-PM,Product C,SKU C,Store C,3.4,2846,3603,Rs. 143,Rs. 74,-50
12-Jul-24-01:54:48-PM,Product C,SKU B,Store C,2.3,7844,4408,Rs. 203,Rs. 65,-30
13-Jul-24-01:54:51-PM,Product B,SKU C,Bunyad Collection (Karachi),1.3,18557,2579,Rs. 162,Rs. 75,-30
14-Jul-24-01:54:54-PM,Product B,130256351_PK-1290094146,Store B,3.4,7276,3966,Rs. 426,Rs. 62,-30
15-Jul-24-01:54:33-PM,Product B,SKU C,Store C,4.1,2567,2089,Rs. 403,Rs. 95,-30
16-Jul-24-01:54:49-PM,Product C,SKU C,Store B,4.1,3115,4968,Rs. 477,Rs. 81,-50
17-Jul-24-01:54:50-PM,Product B,SKU B,Store B,3.0,12585,1031,Rs. 226,Rs. 72,-30
18-Jul-24-01:54:45-PM,Product C,130256351_PK-1290094146,Store B,2.3,12403,1650,Rs. 372,Rs. 84,-30
19-Jul-24-01:54:34-PM,Product B,SKU C,Store C,3.3,2446,4554,Rs. 482,Rs. 69,-30
20-Jul-24-01:54:41-PM,Product C,130256351_PK-1290094146,Store C,2.5,6850,1904,Rs. 247,Rs. 50,-30
21-Jul-24-01:54:42-PM,Product B,SKU B,Bunyad Collection (Karachi),4.1,5699,2864,Rs. 381,Rs. 91,-30
22-Jul-24-01:54:55-PM,Heel Pain Anti Crack Silicone Care Set Trusti Product,SKU B,Bunyad Collection (Karachi),3.1,2287,2326,Rs. 219,Rs. 96,-72
23-Jul-24-01:54:42-PM,Product C,130256351_PK-1290094146,Bunyad Collection (Karachi),4.8,8605,1054,Rs. 462,Rs. 76,-72
24-Jul-24-01:54:37-PM,Product B,130256351_PK-1290094146,Bunyad Collection (Karachi),4.6,15939,2461,Rs. 476,Rs. 98,-30
25-Jul-24-01:54:42-PM,Product C,130256351_PK-1290094146,Bunyad Collection (Karachi),4.8,12037,2923,Rs. 255,Rs. 80,-30
26-Jul-24-01:54:48-PM,Heel Pain Anti Crack Silicone Care Set Trusti Product,SKU C,Bunyad Collection (Karachi),2.4,19870,4744,Rs. 426,Rs. 58,-30
27-Jul-24-01:54:47-PM,Product C,SKU B,Store C,3.8,2424,2296,Rs. 402,Rs. 71,-30
28-Jul-24-01:54:32-PM,Product C,SKU B,Bunyad Collection (Karachi),2.2,17346,2494,Rs. 177,Rs. 58,-50
29-Jul-24-01:54:45-PM,Product B,SKU C,Store C,4.2,12074,4568,Rs. 420,Rs. 97,-50
30-Jul-24-01:54:40-PM,Heel Pain Anti Crack Silicone Care Set Trusti Product,SKU B,Store B,4.5,15257,3187,Rs. 453,Rs. 88,-72
31-Jul-24-05:38:54-PM,Product C,SKU B,Bunyad Collection (Karachi),2.8,10723,1431,Rs. 203,Rs. 79,-30
01-Aug-24-01:54:44-PM,Product B,SKU C,Store B,2.7,19862,1158,Rs. 264,Rs. 82,-50
02-Aug-24-01:54:38-PM,Heel Pain Anti Crack Silicone Care Set Trusti Product,130256351_PK-1290094146,Bunyad Collection (Karachi),3.6,8945,2315,Rs. 140,Rs. 95,-50
03-Aug-24-01:54:58-PM,Heel Pain Anti Crack Silicone Care Set Trusti Product,SKU B,Store B,4.8,7993,4096,Rs. 157,Rs. 87,-30
04-Aug-24-01:54:43-PM,Product C,SKU C,Store B,1.9,17242,1027,Rs. 344,Rs. 60,-30
05-Aug-24-01:54:50-PM,Product B,130256351_PK-1290094146,Store C,4.4,12520,4181,Rs. 433,Rs. 67,-50
06-Aug-24-01:54:40-PM,Heel Pain Anti Crack Silicone Care Set Trusti Product,SKU C,Store C,4.8,6281,2030,Rs. 442,Rs. 93,-72
07-Aug-24-01:54:44-PM,Product C,SKU C,Store C,2.2,1582,2467,Rs. 433,Rs. 78,-50
08-Aug-24-01:54:45-PM,Heel Pain Anti Crack Silicone Care Set Trusti Product,130256351_PK-1290094146,Store B,4.6,4826,4311,Rs. 184,Rs. 81,-72
09-Aug-24-01:54:40-PM,Heel Pain Anti Crack Silicone Care Set Trusti Product,130256351_PK-1290094146,Store C,4.3,15593,4346,Rs. 475,Rs. 94,-72
10-Aug-24-01:54:39-PM,Product C,SKU C,Store B,4.2,15134,1616,Rs. 137,Rs. 84,-72
11-Aug-24-01:54:35-PM,Heel Pain Anti Crack Silicone Care Set Trusti Product,SKU B,Bunyad Collection (Karachi),4.0,16942,1101,Rs. 460,Rs. 77,-30
12-Aug-24-01:54:40-PM,Product C,130256351_PK-1290094146,Store B,1.4,8253,4653,Rs. 466,Rs. 67,-50
13-Aug-24-01:54:49-PM,Product C,130256351_PK-1290094146,Store B,3.5,4739,4037,Rs. 212,Rs. 59,-30
14-Aug-24-01:54:48-PM,Heel Pain Anti Crack Silicone Care Set Trusti Product,SKU C,Store B,2.9,19046,1795,Rs. 458,Rs. 75,-72
15-Aug-24-01:54:45-PM,Product C,130256351_PK-1290094146,Store B,3.8,17466,4932,Rs. 364,Rs. 57,-50
16-Aug-24-01:54:51-PM,Product C,130256351_PK-1290094146,Store B,1.9,8654,3704,Rs. 252,Rs. 88,-50
17-Aug-24-01:54:32-PM,Heel Pain Anti Crack Silicone Care Set Trusti Product,SKU B,Store C,1.7,3145,4957,Rs. 405,Rs. 83,-50
18-Aug-24-01:54:31-PM,Product B,SKU B,Bunyad Collection (Karachi),4.9,5661,4781,Rs. 411,Rs. 88,-30
19-Aug-24-01:54:37-PM,Product C,SKU C,Store B,1.1,18740,3519,Rs. 192,Rs. 85,-72
20-Aug-24-01:54:53-PM,Heel Pain Anti Crack Silicone Care Set Trusti Product,SKU C,Store B,1.4,8453,4189,Rs. 228,Rs. 66,-50
21-Aug-24-01:54:33-PM,Product C,SKU B,Bunyad Collection (Karachi),1.5,13972,3679,Rs. 392,Rs. 92,-30
22-Aug-24-01:54:41-PM,Product C,130256351_PK-1290094146,Bunyad Collection (Karachi),4.9,18659,1328,Rs. 188,Rs. 77,-30
23-Aug-24-01:54:46-PM,Product B,SKU C,Bunyad Collection (Karachi),2.4,14420,3012,Rs. 295,Rs. 72,-50
24-Aug-24-01:54:54-PM,Product B,SKU C,Store B,4.9,14639,4245,Rs. 402,Rs. 98,-30
25-Aug-24-01:54:40-PM,Product C,SKU C,Store B,3.5,17135,1325,Rs. 322,Rs. 51,-72
26-Aug-24-01:54:37-PM,Heel Pain Anti Crack Silicone Care Set Trusti Product,SKU B,Store B,1.7,14974,1841,Rs. 230,Rs. 65,-30
27-Aug-24-01:54:42-PM,Product C,SKU C,Store C,3.4,9265,3941,Rs. 100,Rs. 90,-30
28-Aug-24-01:54:55-PM,Product C,130256351_PK-1290094146,Store C,4.7,5778,2259,Rs. 301,Rs. 59,-72
29-Aug-24-01:54:49-PM,Heel Pain Anti Crack Silicone Care Set Trusti Product,SKU B,Bunyad Collection (Karachi),2.4,11407,2146,Rs. 138,Rs. 99,-50
30-Aug-24-01:54:41-PM,Heel Pain Anti Crack Silicone Care Set Trusti Product,SKU C,Store C,4.7,18069,1001,Rs. 163,Rs. 66,-72
31-Aug-24-01:54:36-PM,Heel Pain Anti Crack Silicone Care Set Trusti Product,SKU C,Store C,1.2,3267,2028,Rs. 146,Rs. 58,-30
01-Sep-24-01:54:46-PM,Heel Pain Anti Crack Silicone Care Set Trusti Product,130256351_PK-1290094146,Bunyad Collection (Karachi),4.5,6366,1916,Rs. 209,Rs. 51,-30
02-Sep-24-01:54:34-PM,Product C,130256351_PK-1290094146,Store B,1.6,14397,4877,Rs. 168,Rs. 68,-30
03-Sep-24-01:54:46-PM,Product C,SKU B,Bunyad Collection (Karachi),2.3,15634,2889,Rs. 216,Rs. 71,-50
04-Sep-24-01:54:42-PM,Product B,SKU C,Store B,4.8,7978,1370,Rs. 159,Rs. 58,-30
05-Sep-24-01:54:43-PM,Product C,SKU B,Bunyad Collection (Karachi),2.6,11675,1031,Rs. 238,Rs. 74,-50
06-Sep-24-01:54:46-PM,Heel Pain Anti Crack Silicone Care Set Trusti Product,SKU C,Store C,2.6,13631,1896,Rs. 192,Rs. 74,-50
07-Sep-24-01:54:46-PM,Product B,130256351_PK-1290094146,Store C,2.5,14602,2652,Rs. 203,Rs. 77,-30
08-Sep-24-01:54:33-PM,Product C,SKU B,Store C,2.4,9915,4963,Rs. 313,Rs. 99,-50
09-Sep-24-01:54:44-PM,Product C,130256351_PK-1290094146,Bunyad Collection (Karachi),5.0,14029,1443,Rs. 470,Rs. 51,-50
10-Sep-24-01:54:44-PM,Product C,SKU B,Store B,3.4,4226,4494,Rs. 400,Rs. 83,-30
11-Sep-24-01:54:45-PM,Product B,130256351_PK-1290094146,Bunyad Collection (Karachi),1.3,16662,4383,Rs. 332,Rs. 97,-30
12-Sep-24-01:54:47-PM,Product C,130256351_PK-1290094146,Bunyad Collection (Karachi),2.9,3319,1245,Rs. 190,Rs. 53,-72
13-Sep-24-01:54:36-PM,Product B,SKU C,Bunyad Collection (Karachi),2.5,12403,3339,Rs. 227,Rs. 72,-72
14-Sep-24-01:54:32-PM,Product C,130256351_PK-1290094146,Store B,4.2,15043,1231,Rs. 460,Rs. 93,-50
15-Sep-24-01:54:50-PM,Product C,SKU B,Store C,1.8,9784,2396,Rs. 156,Rs. 96,-50
16-Sep-24-01:54:37-PM,Heel Pain Anti Crack Silicone Care Set Trusti Product,SKU C,Bunyad Collection (Karachi),2.2,9209,4137,Rs. 239,Rs. 54,-30
17-Sep-24-01:54:37-PM,Product B,SKU C,Store C,1.9,17893,4559,Rs. 484,Rs. 78,-72
18-Sep-24-01:54:44-PM,Product C,130256351_PK-1290094146,Store C,3.2,2813,3792,Rs. 243,Rs. 88,-50
19-Sep-24-01:54:39-PM,Product C,130256351_PK-1290094146,Bunyad Collection (Karachi),3.7,19410,2321,Rs. 499,Rs. 68,-30
20-Sep-24-01:54:39-PM,Product B,SKU C,Store B,2.1,15271,2512,Rs. 151,Rs. 70,-72
21-Sep-24-01:54:48-PM,Heel Pain Anti Crack Silicone Care Set Trusti Product,SKU B,Store B,4.6,5412,3569,Rs. 370,Rs. 75,-72
22-Sep-24-01:54:49-PM,Product B,SKU B,Store B,3.8,19888,4381,Rs. 154,Rs. 69,-50
23-Sep-24-01:54:44-PM,Product C,130256351_PK-1290094146,Store C,1.6,2230,1619,Rs. 489,Rs. 99,-72
24-Sep-24-01:54:37-PM,Product B,130256351_PK-1290094146,Store C,3.1,6207,2756,Rs. 311,Rs. 64,-72
25-Sep-24-01:54:41-PM,Product B,SKU C,Store B,2.2,7206,2706,Rs. 421,Rs. 75,-50
26-Sep-24-01:54:49-PM,Heel Pain Anti Crack Silicone Care Set Trusti Product,130256351_PK-1290094146,Bunyad Collection (Karachi),1.1,16424,4296,Rs. 431,Rs. 77,-72
27-Sep-24-01:54:46-PM,Product C,130256351_PK-1290094146,Store B,3.6,3564,2239,Rs. 440,Rs. 96,-30
28-Sep-24-01:54:44-PM,Heel Pain Anti Crack Silicone Care Set Trusti Product,130256351_PK-1290094146,Bunyad Collection (Karachi),3.2,12549,4294,Rs. 444,Rs. 60,-50
29-Sep-24-01:54:40-PM,Heel Pain Anti Crack Silicone Care Set Trusti Product,SKU B,Bunyad Collection (Karachi),2.3,6667,2379,Rs. 426,Rs. 50,-30
30-Sep-24-01:54:47-PM,Product B,SKU B,Bunyad Collection (Karachi),1.8,9383,2754,Rs. 162,Rs. 53,-72
01-Oct-24-01:54:44-PM,Product B,SKU C,Store C,4.7,11009,1082,Rs. 318,Rs. 93,-30
02-Oct-24-01:54:43-PM,Heel Pain Anti Crack Silicone Care Set Trusti Product,130256351_PK-1290094146,Store C,1.6,7006,4006,Rs. 486,Rs. 95,-72
03-Oct-24-01:54:53-PM,Heel Pain Anti Crack Silicone Care Set Trusti Product,130256351_PK-1290094146,Bunyad Collection (Karachi),4.5,17896,3283,Rs. 173,Rs. 77,-72
04-Oct-24-01:54:39-PM,Heel Pain Anti Crack Silicone Care Set Trusti Product,SKU C,Store C,2.1,1220,3367,Rs. 228,Rs. 57,-50
05-Oct-24-01:54:45-PM,Product C,130256351_PK-1290094146,Bunyad Collection (Karachi),1.6,2906,4272,Rs. 388,Rs. 86,-30
06-Oct-24-01:54:54-PM,Product B,130256351_PK-1290094146,Bunyad Collection (Karachi),2.4,10636,2914,Rs. 440,Rs. 87,-50
07-Oct-24-01:54:42-PM,Product C,SKU B,Bunyad Collection (Karachi),2.2,5784,1032,Rs. 432,Rs. 51,-30
08-Oct-24-01:54:40-PM,Heel Pain Anti Crack Silicone Care Set Trusti Product,130256351_PK-1290094146,Store C,4.1,4098,2738,Rs. 460,Rs. 62,-30
09-Oct-24-01:54:40-PM,Product B,SKU B,Store C,3.9,12780,2155,Rs. 275,Rs. 70,-72
10-Oct-24-01:54:48-PM,Product B,SKU C,Bunyad Collection (Karachi),3.5,2607,4808,Rs. 476,Rs. 72,-50
11-Oct-24-01:54:36-PM,Heel Pain Anti Crack Silicone Care Set Trusti Product,130256351_PK-1290094146,Store B,2.8,5601,3229,Rs. 468,Rs. 90,-30
12-Oct-24-01:54:52-PM,Product C,SKU B,Store C,3.0,14981,4559,Rs. 300,Rs. 79,-50
13-Oct-24-01:54:50-PM,Product C,130256351_PK-1290094146,Store C,2.9,14473,1794,Rs. 440,Rs. 84,-30
14-Oct-24-01:54:51-PM,Heel Pain Anti Crack Silicone Care Set Trusti Product,SKU C,Bunyad Collection (Karachi),4.6,2590,2352,Rs. 386,Rs. 62,-72
15-Oct-24-01:54:50-PM,Heel Pain Anti Crack Silicone Care Set Trusti Product,130256351_PK-1290094146,Store C,3.1,8635,4573,Rs. 384,Rs. 60,-30
16-Oct-24-01:54:37-PM,Product C,SKU B,Store C,1.6,13416,1175,Rs. 488,Rs. 94,-72
17-Oct-24-01:54:34-PM,Product B,SKU C,Store C,4.5,9508,3117,Rs. 281,Rs. 63,-30
18-Oct-24-01:54:36-PM,Product C,130256351_PK-1290094146,Store C,2.2,15939,4056,Rs. 433,Rs. 94,-30
19-Oct-24-01:54:50-PM,Product B,130256351_PK-1290094146,Bunyad Collection (Karachi),2.1,15177,1743,Rs. 379,Rs. 93,-50
20-Oct-24-01:54:56-PM,Product B,130256351_PK-1290094146,Store C,1.7,15322,3160,Rs. 243,Rs. 61,-72
21-Oct-24-01:54:39-PM,Heel Pain Anti Crack Silicone Care Set Trusti Product,130256351_PK-1290094146,Store C,3.0,15838,3884,Rs. 204,Rs. 74,-30
22-Oct-24-01:54:35-PM,Product B,130256351_PK-1290094146,Bunyad Collection (Karachi),3.0,3120,4854,Rs. 226,Rs. 51,-30
23-Oct-24-01:54:42-PM,Heel Pain Anti Crack Silicone Care Set Trusti Product,SKU B,Store C,1.7,1332,2445,Rs. 243,Rs. 71,-72
24-Oct-24-01:54:34-PM,Product B,SKU B,Store C,3.0,14222,3085,Rs. 350,Rs. 83,-50
25-Oct-24-01:54:35-PM,Product C,SKU C,Bunyad Collection (Karachi),3.5,19893,2646,Rs. 123,Rs. 74,-72
26-Oct-24-01:54:34-PM,Product C,130256351_PK-1290094146,Bunyad Collection (Karachi),3.7,5550,2817,Rs. 231,Rs. 85,-30
27-Oct-24-01:54:34-PM,Product C,SKU B,Store B,1.4,12880,4002,Rs. 196,Rs. 79,-30
28-Oct-24-01:54:35-PM,Product B,SKU B,Bunyad Collection (Karachi),3.3,11802,4359,Rs. 229,Rs. 52,-72
29-Oct-24-01:54:51-PM,Heel Pain Anti Crack Silicone Care Set Trusti Product,SKU C,Bunyad Collection (Karachi),1.3,4282,1075,Rs. 106,Rs. 100,-30
30-Oct-24-01:56:07-PM,Product C,SKU C,Bunyad Collection (Karachi),5.0,19824,4654,Rs. 250,Rs. 93,-72
31-Oct-24-01:54:33-PM,Product B,130256351_PK-1290094146,Bunyad Collection (Karachi),1.1,14275,2289,Rs. 474,Rs. 89,-72
01-Nov-24-01:54:58-PM,Heel Pain Anti Crack Silicone Care Set Trusti Product,130256351_PK-1290094146,Bunyad Collection (Karachi),2.1,15355,2516,Rs. 166,Rs. 76,-50
02-Nov-24-01:54:39-PM,Product C,SKU B,Store C,4.3,13069,2878,Rs. 166,Rs. 80,-72
03-Nov-24-01:54:45-PM,Product C,SKU C,Bunyad Collection (Karachi),3.1,10475,2112,Rs. 165,Rs. 88,-30
04-Nov-24-01:54:45-PM,Product B,SKU C,Bunyad Collection (Karachi),1.6,1700,4059,Rs. 222,Rs. 69,-50
05-Nov-24-01:54:49-PM,Product C,SKU C,Store C,2.5,4529,2107,Rs. 365,Rs. 96,-72
06-Nov-24-01:54:42-PM,Product B,130256351_PK-1290094146,Bunyad Collection (Karachi),4.0,9027,4083,Rs. 208,Rs. 84,-50
07-Nov-24-01:54:50-PM,Product B,SKU C,Store B,4.3,16826,4852,Rs. 121,Rs. 54,-50
08-Nov-24-01:54:39-PM,Product C,SKU B,Bunyad Collection (Karachi),3.7,16349,4849,Rs. 483,Rs. 89,-30
09-Nov-24-01:54:40-PM,Heel Pain Anti Crack Silicone Care Set Trusti Product,SKU B,Store B,4.0,17749,4494,Rs. 397,Rs. 60,-50
10-Nov-24-01:54:46-PM,Product B,130256351_PK-1290094146,Store B,2.5,15338,3529,Rs. 259,Rs. 87,-72
11-Nov-24-01:54:40-PM,Product B,130256351_PK-1290094146,Store C,3.7,17144,2058,Rs. 117,Rs. 51,-50
12-Nov-24-01:54:46-PM,Product C,SKU C,Bunyad Collection (Karachi),1.8,4554,3489,Rs. 122,Rs. 87,-72
13-Nov-24-01:54:44-PM,Product B,SKU B,Store B,4.6,1251,4632,Rs. 407,Rs. 94,-72
14-Nov-24-01:54:47-PM,Product B,130256351_PK-1290094146,Store C,1.3,6647,2417,Rs. 117,Rs. 100,-72
15-Nov-24-01:54:35-PM,Product C,130256351_PK-1290094146,Store C,4.3,3379,3002,Rs. 211,Rs. 50,-30
16-Nov-24-01:54:41-PM,Product C,SKU B,Bunyad Collection (Karachi),3.3,16965,2585,Rs. 234,Rs. 96,-50
17-Nov-24-01:54:48-PM,Product C,130256351_PK-1290094146,Store B,2.5,4894,4183,Rs. 294,Rs. 84,-50
18-Nov-24-01:55:26-PM,Product B,SKU B,Bunyad Collection (Karachi),4.8,10278,2538,Rs. 442,Rs. 83,-50
19-Nov-24-01:55:25-PM,Product B,130256351_PK-1290094146,Store C,3.7,2277,4388,Rs. 268,Rs. 94,-72
20-Nov-24-01:55:32-PM,Product C,SKU B,Store C,2.9,16671,1299,Rs. 394,Rs. 99,-50
21-Nov-24-01:54:45-PM,Product B,SKU C,Store C,1.7,11448,3308,Rs. 112,Rs. 100,-30
22-Nov-24-01:55:02-PM,Product B,130256351_PK-1290094146,Store C,3.2,10838,2873,Rs. 374,Rs. 74,-30
23-Nov-24-01:54:42-PM,Product C,SKU B,Bunyad Collection (Karachi),1.2,14714,4479,Rs. 429,Rs. 90,-30
24-Nov-24-01:55:35-PM,Heel Pain Anti Crack Silicone Care Set Trusti Product,SKU B,Store C,4.3,19062,3724,Rs. 157,Rs. 60,-72
25-Nov-24-01:55:39-PM,Heel Pain Anti Crack Silicone Care Set Trusti Product,SKU B,Bunyad Collection (Karachi),4.0,7108,1441,Rs. 438,Rs. 94,-72
26-Nov-24-01:55:42-PM,Product B,SKU B,Bunyad Collection (Karachi),3.1,13981,3642,Rs. 110,Rs. 82,-50
27-Nov-24-01:56:07-PM,Product B,130256351_PK-1290094146,Bunyad Collection (Karachi),2.5,4811,3252,Rs. 231,Rs. 81,-50
28-Nov-24-01:55:53-PM,Product C,SKU C,Bunyad Collection (Karachi),2.4,7723,1980,Rs. 389,Rs. 66,-50
29-Nov-24-01:55:17-PM,Heel Pain Anti Crack Silicone Care Set Trusti Product,SKU C,Store C,1.3,2981,1086,Rs. 335,Rs. 93,-50
30-Nov-24-01:54:46-PM,Product C,SKU B,Store B,4.8,6332,3480,Rs. 162,Rs. 69,-72
01-Dec-24-01:54:48-PM,Product C,SKU C,Store C,3.2,14126,2669,Rs. 122,Rs. 86,-30
02-Dec-24-01:56:25-PM,Product B,SKU B,Store C,1.4,14529,1753,Rs. 478,Rs. 65,-50
03-Dec-24-01:55:34-PM,Product C,SKU C,Store B,3.3,9378,4952,Rs. 354,Rs. 65,-50
04-Dec-24-01:56:37-PM,Product B,SKU C,Store B,3.7,15473,3061,Rs. 445,Rs. 99,-50
05-Dec-24-01:55:35-PM,Heel Pain Anti Crack Silicone Care Set Trusti Product,SKU C,Store B,4.8,1765,4728,Rs. 247,Rs. 71,-30
06-Dec-24-01:55:11-PM,Heel Pain Anti Crack Silicone Care Set Trusti Product,SKU C,Bunyad Collection (Karachi),3.9,14593,3747,Rs. 179,Rs. 73,-72
07-Dec-24-01:54:34-PM,Product B,130256351_PK-1290094146,Store C,3.8,1314,4494,Rs. 222,Rs. 79,-72
08-Dec-24-01:54:42-PM,Heel Pain Anti Crack Silicone Care Set Trusti Product,SKU C,Store C,1.8,12431,2142,Rs. 116,Rs. 52,-30
09-Dec-24-01:56:23-PM,Product B,130256351_PK-1290094146,Store C,3.8,5221,3111,Rs. 118,Rs. 90,-30
10-Dec-24-01:56:24-PM,Product B,SKU C,Store B,4.9,2968,1731,Rs. 296,Rs. 77,-30
11-Dec-24-01:56:13-PM,Product B,SKU C,Bunyad Collection (Karachi),1.3,14851,1953,Rs. 253,Rs. 71,-30
12-Dec-24-01:55:52-PM,Product B,130256351_PK-1290094146,Store B,3.8,2444,3012,Rs. 373,Rs. 76,-50
13-Dec-24-01:55:14-PM,Product C,SKU C,Bunyad Collection (Karachi),4.9,8048,2425,Rs. 411,Rs. 65,-72
14-Dec-24-01:54:36-PM,Product C,SKU B,Store C,1.0,10454,3847,Rs. 112,Rs. 59,-50
15-Dec-24-01:54:34-PM,Product C,130256351_PK-1290094146,Bunyad Collection (Karachi),1.1,7876,4094,Rs. 263,Rs. 94,-50
16-Dec-24-01:55:50-PM,Product C,SKU C,Store B,2.4,17314,2013,Rs. 128,Rs. 90,-72
17-Dec-24-01:56:08-PM,Heel Pain Anti Crack Silicone Care Set Trusti Product,SKU C,Store C,1.9,5319,1991,Rs. 338,Rs. 81,-50
18-Dec-24-01:54:53-PM,Product B,SKU B,Store B,4.4,18512,3560,Rs. 201,Rs. 54,-30
19-Dec-24-01:54:39-PM,Product B,SKU B,Bunyad Collection (Karachi),3.5,3619,2324,Rs. 223,Rs. 100,-30
20-Dec-24-01:54:47-PM,Heel Pain Anti Crack Silicone Care Set Trusti Product,SKU C,Store B,3.4,11353,1982,Rs. 146,Rs. 70,-50
21-Dec-24-01:54:40-PM,Product B,SKU B,Store C,4.5,11610,1058,Rs. 171,Rs. 69,-30
22-Dec-24-01:54:34-PM,Product C,130256351_PK-1290094146,Bunyad Collection (Karachi),3.6,1578,2346,Rs. 166,Rs. 96,-30
23-Dec-24-01:54:41-PM,Product B,130256351_PK-1290094146,Bunyad Collection (Karachi),4.6,17170,4495,Rs. 302,Rs. 59,-72
24-Dec-24-01:54:33-PM,Product B,SKU B,Store B,5.0,15171,4762,Rs. 191,Rs. 80,-72
25-Dec-24-01:54:38-PM,Product B,130256351_PK-1290094146,Store C,2.6,4508,4340,Rs. 305,Rs. 67,-50
26-Dec-24-01:54:48-PM,Product C,130256351_PK-1290094146,Bunyad Collection (Karachi),1.7,6099,1673,Rs. 366,Rs. 70,-30
27-Dec-24-01:54:44-PM,Product B,SKU C,Bunyad Collection (Karachi),2.1,8252,4539,Rs. 454,Rs. 95,-30
28-Dec-24-01:54:35-PM,Heel Pain Anti Crack Silicone Care Set Trusti Product,130256351_PK-1290094146,Bunyad Collection (Karachi),2.3,11944,3552,Rs. 270,Rs. 87,-72
29-Dec-24-01:54:50-PM,Product B,SKU C,Bunyad Collection (Karachi),1.8,12509,2196,Rs. 364,Rs. 80,-50
30-Dec-24-01:54:48-PM,Product C,SKU C,Store C,2.5,12144,1814,Rs. 215,Rs. 77,-50
31-Dec-24-01:54:48-PM,Heel Pain Anti Crack Silicone Care Set Trusti Product,SKU B,Store B,2.7,1504,3781,Rs. 122,Rs. 54,-30
01-Jan-25-01:54:48-PM,Product B,130256351_PK-1290094146,Bunyad Collection (Karachi),1.6,12617,2019,Rs. 272,Rs. 75,-30
02-Jan-25-01:54:39-PM,Product C,130256351_PK-1290094146,Store B,4.2,12618,1274,Rs. 213,Rs. 85,-30
03-Jan-25-01:54:47-PM,Heel Pain Anti Crack Silicone Care Set Trusti Product,SKU C,Bunyad Collection (Karachi),2.5,16524,4411,Rs. 119,Rs. 82,-50
04-Jan-25-01:54:34-PM,Heel Pain Anti Crack Silicone Care Set Trusti Product,130256351_PK-1290094146,Bunyad Collection (Karachi),1.2,3904,3518,Rs. 260,Rs. 95,-50
05-Jan-25-01:54:48-PM,Heel Pain Anti Crack Silicone Care Set Trusti Product,SKU C,Store B,3.4,1387,4860,Rs. 167,Rs. 71,-50
06-Jan-25-01:54:43-PM,Heel Pain Anti Crack Silicone Care Set Trusti Product,130256351_PK-1290094146,Store C,2.0,8856,2954,Rs. 112,Rs. 91,-50
07-Jan-25-01:54:44-PM,Heel Pain Anti Crack Silicone Care Set Trusti Product,SKU C,Store C,4.5,4044,1315,Rs. 395,Rs. 76,-30
08-Jan-25-01:54:34-PM,Heel Pain Anti Crack Silicone Care Set Trusti Product,SKU B,Store B,3.3,19031,2357,Rs. 405,Rs. 58,-30
09-Jan-25-01:54:38-PM,Product C,SKU C,Bunyad Collection (Karachi),1.4,12703,2935,Rs. 316,Rs. 88,-72
10-Jan-25-01:54:36-PM,Heel Pain Anti Crack Silicone Care Set Trusti Product,SKU C,Store B,5.0,12690,3566,Rs. 222,Rs. 57,-50
11-Jan-25-01:54:38-PM,Product B,130256351_PK-1290094146,Store B,3.1,12167,3350,Rs. 406,Rs. 52,-30
12-Jan-25-01:54:44-PM,Product B,SKU C,Bunyad Collection (Karachi),4.5,10853,4353,Rs. 394,Rs. 51,-50
13-Jan-25-01:54:45-PM,Product C,SKU B,Store B,2.9,11910,3153,Rs. 302,Rs. 74,-50
14-Jan-25-01:54:47-PM,Heel Pain Anti Crack Silicone Care Set Trusti Product,SKU C,Bunyad Collection (Karachi),1.4,8207,1310,Rs. 250,Rs. 85,-30
15-Jan-25-01:54:45-PM,Heel Pain Anti Crack Silicone Care Set Trusti Product,SKU B,Bunyad Collection (Karachi),3.0,11654,2701,Rs. 405,Rs. 53,-50
16-Jan-25-01:54:34-PM,Product C,SKU C,Bunyad Collection (Karachi),4.7,19402,3274,Rs. 377,Rs. 81,-30
17-Jan-25-01:54:41-PM,Product C,SKU B,Store C,4.6,6473,3490,Rs. 442,Rs. 55,-50
18-Jan-25-01:54:43-PM,Product B,SKU C,Store C,2.7,10736,1142,Rs. 205,Rs. 60,-30
19-Jan-25-01:54:44-PM,Heel Pain Anti Crack Silicone Care Set Trusti Product,SKU C,Bunyad Collection (Karachi),1.5,10825,3260,Rs. 158,Rs. 69,-30
20-Jan-25-01:54:35-PM,Product C,SKU C,Store B,3.6,17278,2884,Rs. 228,Rs. 77,-30
21-Jan-25-01:54:46-PM,Product C,130256351_PK-1290094146,Store B,2.8,11889,4723,Rs. 265,Rs. 74,-72
22-Jan-25-01:54:41-PM,Product C,SKU C,Store C,1.1,9626,4949,Rs. 130,Rs. 95,-50
23-Jan-25-01:54:37-PM,Product C,SKU C,Store C,2.0,8898,1559,Rs. 454,Rs. 69,-50
24-Jan-25-01:54:43-PM,Product C,SKU B,Bunyad Collection (Karachi),2.5,2208,4638,Rs. 423,Rs. 90,-72
25-Jan-25-01:54:40-PM,Product C,130256351_PK-1290094146,Store B,2.9,12414,2258,Rs. 366,Rs. 64,-30
26-Jan-25-01:54:47-PM,Heel Pain Anti Crack Silicone Care Set Trusti Product,130256351_PK-1290094146,Store C,4.7,5400,1126,Rs. 341,Rs. 57,-50
27-Jan-25-01:54:41-PM,Product B,130256351_PK-1290094146,Store C,1.5,10707,2879,Rs. 325,Rs. 84,-72
28-Jan-25-01:54:50-PM,Product B,130256351_PK-1290094146,Bunyad Collection (Karachi),4.3,12915,4803,Rs. 236,Rs. 56,-50
29-Jan-25-01:54:39-PM,Product B,SKU B,Store C,3.5,6677,1944,Rs. 265,Rs. 97,-50
30-Jan-25-01:54:37-PM,Heel Pain Anti Crack Silicone Care Set Trusti Product,SKU C,Store B,1.2,10796,2001,Rs. 170,Rs. 54,-72
31-Jan-25-01:54:39-PM,Product B,SKU C,Store C,2.3,4786,3759,Rs. 344,Rs. 69,-50
01-Feb-25-01:54:48-PM,Product C,SKU C,Bunyad Collection (Karachi),1.4,15386,1628,Rs. 486,Rs. 64,-50
02-Feb-25-01:54:35-PM,Product B,SKU B,Store C,3.4,5034,3957,Rs. 167,Rs. 77,-50
03-Feb-25-01:54:44-PM,Product C,SKU B,Bunyad Collection (Karachi),2.9,3975,2370,Rs. 249,Rs. 94,-30
04-Feb-25-01:54:41-PM,Product C,SKU B,Store C,4.4,3040,4388,Rs. 258,Rs. 63,-72
05-Feb-25-01:54:41-PM,Product B,SKU B,Store C,4.0,14868,2481,Rs. 412,Rs. 73,-30
06-Feb-25-01:54:44-PM,Product C,SKU B,Store B,3.1,17054,1369,Rs. 153,Rs. 85,-30
07-Feb-25-01:54:56-PM,Product C,SKU C,Bunyad Collection (Karachi),1.3,14086,2319,Rs. 156,Rs. 86,-30
08-Feb-25-01:54:49-PM,Heel Pain Anti Crack Silicone Care Set Trusti Product,130256351_PK-1290094146,Store B,1.4,3665,4008,Rs. 343,Rs. 62,-72
09-Feb-25-01:54:34-PM,Heel Pain Anti Crack Silicone Care Set Trusti Product,130256351_PK-1290094146,Bunyad Collection (Karachi),1.3,1437,2939,Rs. 209,Rs. 66,-72
10-Feb-25-01:54:39-PM,Product B,SKU C,Bunyad Collection (Karachi),5.0,8259,1713,Rs. 384,Rs. 57,-30
11-Feb-25-01:54:41-PM,Heel Pain Anti Crack Silicone Care Set Trusti Product,SKU C,Store B,4.4,15652,1760,Rs. 298,Rs. 86,-50
12-Feb-25-01:54:44-PM,Product B,SKU B,Store C,1.4,18786,4726,Rs. 330,Rs. 80,-30
13-Feb-25-01:54:45-PM,Product B,130256351_PK-1290094146,Store B,3.3,3863,2793,Rs. 380,Rs. 92,-50
14-Feb-25-01:54:42-PM,Product B,SKU B,Store B,2.7,18712,1353,Rs. 248,Rs. 73,-50
15-Feb-25-01:54:43-PM,Product B,SKU B,Store C,1.5,4339,4022,Rs. 281,Rs. 76,-50
16-Feb-25-01:54:43-PM,Product B,SKU B,Bunyad Collection (Karachi),3.3,3054,3966,Rs. 468,Rs. 83,-50
17-Feb-25-01:54:33-PM,Product B,SKU B,Store B,3.7,8325,4278,Rs. 427,Rs. 93,-50
18-Feb-25-01:54:50-PM,Product C,130256351_PK-1290094146,Bunyad Collection (Karachi),4.6,12593,4500,Rs. 309,Rs. 75,-50
19-Feb-25-01:54:35-PM,Product B,130256351_PK-1290094146,Store C,4.1,8724,4328,Rs. 309,Rs. 81,-50
20-Feb-25-01:54:33-PM,Product C,130256351_PK-1290094146,Store B,2.3,2743,4488,Rs. 196,Rs. 77,-72
21-Feb-25-01:54:50-PM,Product B,SKU B,Store B,3.2,15633,2628,Rs. 278,Rs. 52,-30
22-Feb-25-01:54:48-PM,Heel Pain Anti Crack Silicone Care Set Trusti Product,SKU B,Store C,3.2,4694,1095,Rs. 326,Rs. 66,-72
23-Feb-25-01:54:46-PM,Heel Pain Anti Crack Silicone Care Set Trusti Product,130256351_PK-1290094146,Bunyad Collection (Karachi),2.5,2501,4782,Rs. 294,Rs. 63,-72
24-Feb-25-01:54:36-PM,Product C,SKU C,Bunyad Collection (Karachi),1.5,17861,3627,Rs. 280,Rs. 62,-50
25-Feb-25-01:54:35-PM,Product C,SKU C,Bunyad Collection (Karachi),1.4,17130,2933,Rs. 400,Rs. 88,-72
26-Feb-25-01:54:45-PM,Product B,130256351_PK-1290094146,Bunyad Collection (Karachi),3.5,10516,1060,Rs. 245,Rs. 78,-50
27-Feb-25-01:54:49-PM,Product C,SKU B,Store B,4.6,3623,4959,Rs. 217,Rs. 58,-30
28-Feb-25-01:54:33-PM,Product B,130256351_PK-1290094146,Bunyad Collection (Karachi),2.3,10683,1961,Rs. 259,Rs. 66,-30
01-Mar-25-01:54:38-PM,Product C,SKU C,Store C,2.5,12127,4049,Rs. 318,Rs. 65,-50
02-Mar-25-01:54:44-PM,Product C,SKU B,Bunyad Collection (Karachi),2.5,11133,1360,Rs. 122,Rs. 93,-50
03-Mar-25-01:54:47-PM,Product B,SKU C,Store B,4.3,12238,2151,Rs. 438,Rs. 93,-30
04-Mar-25-01:54:49-PM,Product C,SKU C,Store C,2.9,12144,4450,Rs. 491,Rs. 68,-50
05-Mar-25-01:54:43-PM,Product B,130256351_PK-1290094146,Bunyad Collection (Karachi),3.4,11289,1856,Rs. 170,Rs. 57,-72
06-Mar-25-01:54:44-PM,Heel Pain Anti Crack Silicone Care Set Trusti Product,SKU B,Store B,3.6,12421,2853,Rs. 294,Rs. 92,-72
07-Mar-25-01:54:38-PM,Product B,SKU B,Bunyad Collection (Karachi),4.8,8598,1129,Rs. 384,Rs. 79,-50
08-Mar-25-01:54:43-PM,Product C,SKU B,Store B,2.5,10666,1999,Rs. 433,Rs. 70,-30
09-Mar-25-01:54:34-PM,Product B,SKU B,Store C,1.4,17025,1019,Rs. 164,Rs. 67,-72
10-Mar-25-01:54:32-PM,Product C,SKU B,Bunyad Collection (Karachi),3.0,18578,2408,Rs. 199,Rs. 66,-30
11-Mar-25-09:16:16-AM,Heel Pain Anti Crack Silicone Care Set Trusti Product,SKU C,Store B,1.2,2674,3930,Rs. 240,Rs. 84,-30
11-Mar-25-01:58:28-PM,Heel Pain Anti Crack Silicone Care Set Trusti Product,SKU B,Store B,1.0,5724,2810,Rs. 427,Rs. 54,-50
12-Mar-25-01:58:13-PM,Heel Pain Anti Crack Silicone Care Set Trusti Product,SKU C,Store B,3.5,3091,4041,Rs. 377,Rs. 98,-30
13-Mar-25-01:58:26-PM,Product B,SKU B,Bunyad Collection (Karachi),2.0,11613,4273,Rs. 459,Rs. 77,-72
14-Mar-25-01:58:15-PM,Product C,130256351_PK-1290094146,Store B,4.2,17384,4061,Rs. 282,Rs. 54,-30
17-Mar-25-01:58:09-PM,Product C,SKU C,Store B,1.4,14763,1544,Rs. 419,Rs. 60,-72
18-Mar-25-01:58:04-PM,Product B,130256351_PK-1290094146,Bunyad Collection (Karachi),4.0,8375,3765,Rs. 148,Rs. 57,-72
19-Mar-25-01:58:02-PM,Heel Pain Anti Crack Silicone Care Set Trusti Product,130256351_PK-1290094146,Store C,2.2,19649,1736,Rs. 124,Rs. 93,-30
20-Mar-25-01:58:03-PM,Heel Pain Anti Crack Silicone Care Set Trusti Product,130256351_PK-1290094146,Bunyad Collection (Karachi),4.8,9415,2797,Rs. 120,Rs. 81,-50
21-Mar-25-01:58:18-PM,Product B,SKU B,Store B,2.2,16270,3562,Rs. 180,Rs. 99,-72
24-Mar-25-01:58:12-PM,Product C,SKU C,Store B,3.8,5480,1283,Rs. 500,Rs. 69,-30
25-Mar-25-01:58:08-PM,Heel Pain Anti Crack Silicone Care Set Trusti Product,SKU B,Bunyad Collection (Karachi),3.4,6993,1064,Rs. 390,Rs. 77,-30
26-Mar-25-01:58:17-PM,Product C,SKU C,Store B,1.3,8560,4209,Rs. 199,Rs. 91,-50
27-Mar-25-01:58:13-PM,Product B,130256351_PK-1290094146,Store C,2.2,15793,1538,Rs. 424,Rs. 67,-72
28-Mar-25-01:58:19-PM,Heel Pain Anti Crack Silicone Care Set Trusti Product,SKU C,Store B,1.6,9970,1535,Rs. 201,Rs. 81,-72
31-Mar-25-01:58:16-PM,Product B,130256351_PK-1290094146,Store C,4.6,6028,3011,Rs. 437,Rs. 69,-50
01-Apr-25-01:58:25-PM,Product C,130256351_PK-1290094146,Store B,3.2,18433,3787,Rs. 358,Rs. 53,-50
02-Apr-25-01:58:03-PM,Product C,SKU C,Store B,4.8,6767,4861,Rs. 406,Rs. 51,-30
03-Apr-25-01:58:09-PM,Product C,SKU B,Bunyad Collection (Karachi),3.2,16000,1081,Rs. 243,Rs. 100,-30
04-Apr-25-01:58:27-PM,Product B,130256351_PK-1290094146,Store B,4.0,15721,2738,Rs. 356,Rs. 61,-50
07-Apr-25-01:58:02-PM,Product B,SKU C,Store B,1.1,1748,2414,Rs. 218,Rs. 51,-72
08-Apr-25-01:58:20-PM,Product C,SKU B,Store C,4.6,3396,4310,Rs. 271,Rs. 65,-72
09-Apr-25-01:58:26-PM,Product B,SKU B,Store B,4.8,16103,1794,Rs. 426,Rs. 54,-50
10-Apr-25-01:58:12-PM,Heel Pain Anti Crack Silicone Care Set Trusti Product,SKU C,Bunyad Collection (Karachi),1.0,17150,3881,Rs. 315,Rs. 77,-72
11-Apr-25-01:58:07-PM,Heel Pain Anti Crack Silicone Care Set Trusti Product,130256351_PK-1290094146,Bunyad Collection (Karachi),3.5,14729,1618,Rs. 112,Rs. 59,-72
14-Apr-25-01:58:08-PM,Product B,130256351_PK-1290094146,Store C,1.3,14821,1637,Rs. 259,Rs. 91,-72
15-Apr-25-01:58:12-PM,Product B,SKU B,Bunyad Collection (Karachi),2.7,9335,2412,Rs. 477,Rs. 79,-50
16-Apr-25-01:58:24-PM,Heel Pain Anti Crack Silicone Care Set Trusti Product,SKU B,Store C,4.9,18044,2399,Rs. 179,Rs. 89,-50
17-Apr-25-01:58:31-PM,Heel Pain Anti Crack Silicone Care Set Trusti Product,130256351_PK-1290094146,Bunyad Collection (Karachi),2.9,8877,3816,Rs. 287,Rs. 68,-50
18-Apr-25-01:58:21-PM,Product B,130256351_PK-1290094146,Store C,3.1,15891,1208,Rs. 446,Rs. 58,-72
21-Apr-25-01:58:07-PM,Heel Pain Anti Crack Silicone Care Set Trusti Product,SKU B,Store B,1.5,5409,4458,Rs. 300,Rs. 79,-30
22-Apr-25-01:58:25-PM,Product B,130256351_PK-1290094146,Bunyad Collection (Karachi),1.4,16233,2101,Rs. 429,Rs. 56,-72
23-Apr-25-01:58:25-PM,Product B,SKU C,Store C,5.0,11013,2093,Rs. 239,Rs. 88,-72
24-Apr-25-01:58:27-PM,Heel Pain Anti Crack Silicone Care Set Trusti Product,SKU C,Store B,1.8,13338,3979,Rs. 279,Rs. 57,-72
25-Apr-25-01:58:33-PM,Product C,130256351_PK-1290094146,Bunyad Collection (Karachi),3.4,2936,2891,Rs. 261,Rs. 84,-30
28-Apr-25-03:41:48-PM,Product B,SKU C,Bunyad Collection (Karachi),3.5,10998,3077,Rs. 288,Rs. 81,-30
29-Apr-25-01:58:37-PM,Heel Pain Anti Crack Silicone Care Set Trusti Product,SKU C,Store B,3.6,7511,2348,Rs. 447,Rs. 100,-30
30-Apr-25-01:58:09-PM,Product B,130256351_PK-1290094146,Store C,4.1,11791,3661,Rs. 202,Rs. 86,-72
01-May-25-01:58:09-PM,Product C,130256351_PK-1290094146,Bunyad Collection (Karachi),2.5,14548,2483,Rs. 443,Rs. 59,-72
02-May-25-01:58:20-PM,Heel Pain Anti Crack Silicone Care Set Trusti Product,SKU B,Bunyad Collection (Karachi),2.9,14297,2553,Rs. 214,Rs. 85,-30
05-May-25-01:58:38-PM,Product C,130256351_PK-1290094146,Store B,2.0,17750,1701,Rs. 473,Rs. 69,-50
06-May-25-01:58:18-PM,Product B,SKU B,Store C,1.1,9633,2832,Rs. 356,Rs. 60,-72
07-May-25-01:59:25-PM,Heel Pain Anti Crack Silicone Care Set Trusti Product,SKU C,Store C,1.7,7980,1170,Rs. 204,Rs. 79,-72
08-May-25-01:58:45-PM,Product C,SKU C,Store B,3.6,4461,1424,Rs. 246,Rs. 62,-72
09-May-25-01:58:14-PM,Product B,130256351_PK-1290094146,Store B,2.1,11403,1933,Rs. 106,Rs. 89,-30
12-May-25-01:58:35-PM,Product C,130256351_PK-1290094146,Bunyad Collection (Karachi),2.1,1199,3469,Rs. 281,Rs. 69,-50
13-May-25-01:59:03-PM,Heel Pain Anti Crack Silicone Care Set Trusti Product,SKU C,Store C,2.0,16981,1353,Rs. 169,Rs. 85,-72
14-May-25-01:59:03-PM,Heel Pain Anti Crack Silicone Care Set Trusti Product,SKU B,Bunyad Collection (Karachi),2.4,17075,3465,Rs. 368,Rs. 68,-72
15-May-25-01:58:13-PM,Product B,SKU C,Bunyad Collection (Karachi),1.2,10212,4616,Rs. 401,Rs. 63,-30
16-May-25-01:58:16-PM,Product B,130256351_PK-1290094146,Bunyad Collection (Karachi),3.7,13872,1385,Rs. 147,Rs. 87,-50
19-May-25-01:59:23-PM,Product C,SKU B,Store C,1.4,7176,4722,Rs. 105,Rs. 72,-72
20-May-25-01:59:53-PM,Product B,SKU C,Store C,3.6,9501,3247,Rs. 273,Rs. 87,-50
21-May-25-01:58:52-PM,Heel Pain Anti Crack Silicone Care Set Trusti Product,130256351_PK-1290094146,Store B,1.4,8765,1577,Rs. 352,Rs. 70,-30
22-May-25-01:58:23-PM,Product B,SKU C,Store B,2.6,12365,2331,Rs. 333,Rs. 55,-72
23-May-25-01:58:20-PM,Product B,SKU B,Store C,2.4,4414,2493,Rs. 131,Rs. 53,-50
26-May-25-02:36:00-PM,Heel Pain Anti Crack Silicone Care Set Trusti Product,130256351_PK-1290094146,Store B,3.9,3307,3386,Rs. 326,Rs. 55,-30
27-May-25-01:59:34-PM,Product C,SKU B,Store B,1.7,18488,3033,Rs. 259,Rs. 88,-30
28-May-25-01:59:35-PM,Product C,130256351_PK-1290094146,Store B,2.1,9914,4158,Rs. 466,Rs. 89,-50
29-May-25-01:58:34-PM,Heel Pain Anti Crack Silicone Care Set Trusti Product,130256351_PK-1290094146,Store B,2.4,14679,2095,Rs. 232,Rs. 70,-30
30-May-25-01:58:04-PM,Product B,SKU C,Store B,1.5,8286,4221,Rs. 133,Rs. 96,-30
02-Jun-25-02:00:03-PM,Heel Pain Anti Crack Silicone Care Set Trusti Product,SKU B,Store C,4.7,14081,1408,Rs. 433,Rs. 65,-30
03-Jun-25-02:00:07-PM,Heel Pain Anti Crack Silicone Care Set Trusti Product,130256351_PK-1290094146,Bunyad Collection (Karachi),2.1,6201,1933,Rs. 281,Rs. 100,-50
04-Jun-25-02:00:00-PM,Product C,SKU C,Store B,4.1,2501,3053,Rs. 441,Rs. 82,-50
05-Jun-25-01:59:09-PM,Product C,130256351_PK-1290094146,Store C,1.5,6085,2212,Rs. 109,Rs. 77,-72
06-Jun-25-01:58:40-PM,Product B,SKU B,Store B,2.9,3640,1137,Rs. 366,Rs. 73,-30
09-Jun-25-01:59:57-PM,Product B,SKU B,Bunyad Collection (Karachi),3.8,19628,3140,Rs. 294,Rs. 53,-30
10-Jun-25-02:00:46-PM,Heel Pain Anti Crack Silicone Care Set Trusti Product,SKU C,Store B,4.0,14522,1006,Rs. 186,Rs. 89,-72
11-Jun-25-02:00:27-PM,Product B,130256351_PK-1290094146,Store C,4.0,15742,1859,Rs. 235,Rs. 69,-30
12-Jun-25-01:59:39-PM,Product B,SKU B,Bunyad Collection (Karachi),1.1,5012,3577,Rs. 272,Rs. 65,-30
13-Jun-25-01:59:10-PM,Product B,SKU C,Store B,1.6,10796,1779,Rs. 208,Rs. 79,-72
16-Jun-25-02:00:48-PM,Heel Pain Anti Crack Silicone Care Set Trusti Product,SKU C,Bunyad Collection (Karachi),2.4,14493,2383,Rs. 401,Rs. 60,-72
17-Jun-25-02:01:05-PM,Heel Pain Anti Crack Silicone Care Set Trusti Product,SKU C,Bunyad Collection (Karachi),1.0,3184,3469,Rs. 394,Rs. 70,-50
18-Jun-25-02:00:25-PM,Product B,SKU C,Store B,4.9,9970,2175,Rs. 381,Rs. 94,-72
19-Jun-25-02:00:01-PM,Heel Pain Anti Crack Silicone Care Set Trusti Product,SKU B,Store C,2.5,10933,3688,Rs. 478,Rs. 75,-72
20-Jun-25-01:59:20-PM,Product C,130256351_PK-1290094146,Bunyad Collection (Karachi),2.2,10518,2362,Rs. 196,Rs. 50,-50
23-Jun-25-02:01:16-PM,Heel Pain Anti Crack Silicone Care Set Trusti Product,SKU B,Bunyad Collection (Karachi),3.4,13283,1987,Rs. 333,Rs. 80,-50
24-Jun-25-02:01:01-PM,Product C,SKU C,Store B,2.7,17216,1460,Rs. 450,Rs. 87,-50
25-Jun-25-02:01:27-PM,Heel Pain Anti Crack Silicone Care Set Trusti Product,SKU B,Store B,3.1,7484,4688,Rs. 192,Rs. 99,-72
26-Jun-25-02:00:22-PM,Heel Pain Anti Crack Silicone Care Set Trusti Product,SKU C,Store C,1.5,9960,1571,Rs. 176,Rs. 89,-72
27-Jun-25-01:59:53-PM,Product B,SKU B,Store C,3.8,18707,4837,Rs. 281,Rs. 69,-50
30-Jun-25-02:01:04-PM,Product C,130256351_PK-1290094146,Store B,1.8,19991,2054,Rs. 263,Rs. 51,-30
01-Jul-25-02:01:18-PM,Heel Pain Anti Crack Silicone Care Set Trusti Product,130256351_PK-1290094146,Store C,2.9,14173,2600,Rs. 212,Rs. 85,-72
02-Jul-25-02:01:21-PM,Product B,SKU C,Bunyad Collection (Karachi),2.7,4164,3394,Rs. 482,Rs. 59,-50
03-Jul-25-02:00:24-PM,Product B,SKU B,Bunyad Collection (Karachi),2.9,7593,1881,Rs. 446,Rs. 68,-30
04-Jul-25-02:00:01-PM,Product C,SKU C,Bunyad Collection (Karachi),2.1,9121,4785,Rs. 481,Rs. 56,-50
07-Jul-25-02:01:18-PM,Product C,SKU C,Store C,1.2,13789,4177,Rs. 444,Rs. 89,-30
08-Jul-25-02:01:27-PM,Heel Pain Anti Crack Silicone Care Set Trusti Product,SKU C,Store B,3.0,9224,1939,Rs. 423,Rs. 75,-30
09-Jul-25-02:10:46-PM,Heel Pain Anti Crack Silicone Care Set Trusti Product,130256351_PK-1290094146,Store C,4.0,16925,1892,Rs. 422,Rs. 69,-72
10-Jul-25-02:01:23-PM,Product C,130256351_PK-1290094146,Bunyad Collection (Karachi),3.6,2072,1673,Rs. 352,Rs. 99,-72
11-Jul-25-02:00:43-PM,Product C,SKU C,Store B,1.5,9453,1350,Rs. 474,Rs. 85,-72
14-Jul-25-02:14:50-PM,Product B,SKU C,Bunyad Collection (Karachi),2.0,2884,2269,Rs. 120,Rs. 76,-72
15-Jul-25-02:16:56-PM,Heel Pain Anti Crack Silicone Care Set Trusti Product,SKU C,Store C,1.3,5168,3706,Rs. 493,Rs. 65,-72
16-Jul-25-02:12:55-PM,Product B,SKU C,Bunyad Collection (Karachi),3.4,2313,3992,Rs. 271,Rs. 84,-72
17-Jul-25-02:12:21-PM,Product B,SKU C,Bunyad Collection (Karachi),3.0,15400,2314,Rs. 217,Rs. 60,-30
18-Jul-25-02:12:40-PM,Heel Pain Anti Crack Silicone Care Set Trusti Product,SKU B,Store B,3.8,15459,2123,Rs. 476,Rs. 79,-30
21-Jul-25-02:15:29-PM,Product B,130256351_PK-1290094146,Bunyad Collection (Karachi),4.7,1920,2366,Rs. 450,Rs. 99,-50
22-Jul-25-02:13:01-PM,Heel Pain Anti Crack Silicone Care Set Trusti Product,SKU B,Store C,3.8,13139,3480,Rs. 489,Rs. 61,-50
23-Jul-25-02:13:25-PM,Product C,130256351_PK-1290094146,Store B,1.4,7840,3162,Rs. 178,Rs. 95,-30
24-Jul-25-02:12:43-PM,Heel Pain Anti Crack Silicone Care Set Trusti Product,SKU C,Store B,2.3,11217,1291,Rs. 138,Rs. 55,-50
25-Jul-25-02:11:53-PM,Product C,130256351_PK-1290094146,Bunyad Collection (Karachi),2.4,17819,3922,Rs. 239,Rs. 97,-72
28-Jul-25-02:14:59-PM,Product B,SKU C,Bunyad Collection (Karachi),2.2,4025,3011,Rs. 169,Rs. 76,-50
29-Jul-25-02:13:41-PM,Heel Pain Anti Crack Silicone Care Set Trusti Product,130256351_PK-1290094146,Bunyad Collection (Karachi),2.3,12012,3545,Rs. 127,Rs. 66,-50
30-Jul-25-02:15:10-PM,Product C,130256351_PK-1290094146,Store C,4.2,15876,3609,Rs. 454,Rs. 82,-30
31-Jul-25-02:13:54-PM,Product C,SKU B,Bunyad Collection (Karachi),2.2,3335,4118,Rs. 487,Rs. 73,-30
01-Aug-25-02:13:33-PM,Product B,SKU C,Store B,1.6,4401,4090,Rs. 450,Rs. 58,-72
04-Aug-25-02:17:56-PM,Product C,SKU C,Store B,4.0,13289,3528,Rs. 421,Rs. 97,-50
05-Aug-25-02:14:54-PM,Heel Pain Anti Crack Silicone Care Set Trusti Product,SKU C,Bunyad Collection (Karachi),3.2,7587,4793,Rs. 186,Rs. 61,-72
06-Aug-25-02:15:18-PM,Heel Pain Anti Crack Silicone Care Set Trusti Product,130256351_PK-1290094146,Store B,4.6,12583,2775,Rs. 443,Rs. 67,-50
07-Aug-25-02:14:15-PM,Product B,SKU C,Store B,2.2,19453,2748,Rs. 357,Rs. 80,-50
08-Aug-25-02:14:06-PM,Product B,SKU B,Bunyad Collection (Karachi),2.7,16959,2705,Rs. 457,Rs. 68,-30
11-Aug-25-02:13:24-PM,Product B,130256351_PK-1290094146,Store B,1.3,1387,1429,Rs. 152,Rs. 95,-30
12-Aug-25-02:01:08-PM,Heel Pain Anti Crack Silicone Care Set Trusti Product,SKU C,Bunyad Collection (Karachi),3.7,16204,1724,Rs. 399,Rs. 97,-50
13-Aug-25-02:10:46-PM,Heel Pain Anti Crack Silicone Care Set Trusti Product,130256351_PK-1290094146,Bunyad Collection (Karachi),4.3,11946,3039,Rs. 343,Rs. 82,-30
14-Aug-25-02:11:08-PM,Product C,SKU B,Store C,2.5,17696,4203,Rs. 296,Rs. 69,-30
15-Aug-25-01:59:26-PM,Product C,130256351_PK-1290094146,Store C,1.2,10939,4849,Rs. 305,Rs. 51,-50
18-Aug-25-02:12:30-PM,Heel Pain Anti Crack Silicone Care Set Trusti Product,SKU C,Store C,1.6,16677,1276,Rs. 111,Rs. 63,-50
19-Aug-25-01:58:45-PM,Heel Pain Anti Crack Silicone Care Set Trusti Product,SKU B,Store B,4.3,18179,2485,Rs. 208,Rs. 80,-50
20-Aug-25-01:58:14-PM,Heel Pain Anti Crack Silicone Care Set Trusti Product,SKU C,Store B,3.0,15559,4738,Rs. 110,Rs. 58,-50
21-Aug-25-01:58:39-PM,Heel Pain Anti Crack Silicone Care Set Trusti Product,SKU C,Store C,3.2,14388,1266,Rs. 282,Rs. 76,-72
22-Aug-25-01:58:15-PM,Product B,SKU B,Store C,3.7,16111,4043,Rs. 236,Rs. 87,-50
25-Aug-25-02:00:04-PM,Heel Pain Anti Crack Silicone Care Set Trusti Product,SKU C,Store B,5.0,6201,4973,Rs. 203,Rs. 69,-72
26-Aug-25-01:59:49-PM,Product B,SKU C,Store B,2.2,16254,4291,Rs. 449,Rs. 84,-50
27-Aug-25-01:58:18-PM,Heel Pain Anti Crack Silicone Care Set Trusti Product,130256351_PK-1290094146,Store C,1.8,16746,4976,Rs. 429,Rs. 89,-50
28-Aug-25-01:58:02-PM,Heel Pain Anti Crack Silicone Care Set Trusti Product,SKU C,Bunyad Collection (Karachi),1.4,18118,4016,Rs. 244,Rs. 75,-72
29-Aug-25-01:58:16-PM,Product C,SKU C,Bunyad Collection (Karachi),1.6,16327,3000,Rs. 456,Rs. 65,-30
01-Sep-25-01:58:31-PM,Heel Pain Anti Crack Silicone Care Set Trusti Product,SKU C,Bunyad Collection (Karachi),3.3,14830,4851,Rs. 407,Rs. 68,-72
02-Sep-25-01:58:13-PM,Heel Pain Anti Crack Silicone Care Set Trusti Product,130256351_PK-1290094146,Bunyad Collection (Karachi),1.3,11432,4118,Rs. 455,Rs. 67,-72
03-Sep-25-01:58:07-PM,Product C,SKU B,Store C,4.3,4611,2348,Rs. 212,Rs. 87,-50
04-Sep-25-01:58:28-PM,Heel Pain Anti Crack Silicone Care Set Trusti Product,130256351_PK-1290094146,Store C,4.8,10856,4313,Rs. 181,Rs. 54,-72
05-Sep-25-01:58:22-PM,Heel Pain Anti Crack Silicone Care Set Trusti Product,130256351_PK-1290094146,Bunyad Collection (Karachi),3.9,1200,1255,Rs. 116,Rs. 98,-72
08-Sep-25-01:58:15-PM,Product B,130256351_PK-1290094146,Store B,4.2,15649,4462,Rs. 495,Rs. 75,-72
09-Sep-25-01:58:27-PM,Product B,SKU B,Store B,3.2,5422,1972,Rs. 133,Rs. 63,-50
10-Sep-25-01:58:09-PM,Product C,SKU C,Bunyad Collection (Karachi),3.6,12114,1246,Rs. 100,Rs. 90,-72
11-Sep-25-01:58:02-PM,Product B,SKU B,Bunyad Collection (Karachi),1.1,16735,3035,Rs. 406,Rs. 62,-50
12-Sep-25-01:58:15-PM,Product B,130256351_PK-1290094146,Store B,3.1,7455,3831,Rs. 434,Rs. 90,-72
15-Sep-25-01:58:31-PM,Heel Pain Anti Crack Silicone Care Set Trusti Product,SKU B,Store C,4.6,11411,1691,Rs. 203,Rs. 60,-72
16-Sep-25-01:58:15-PM,Product C,130256351_PK-1290094146,Store C,5.0,17488,4511,Rs. 112,Rs. 98,-30
17-Sep-25-01:58:10-PM,Product C,SKU C,Store C,4.0,4952,4693,Rs. 109,Rs. 80,-50
18-Sep-25-01:58:08-PM,Product C,SKU C,Store C,3.7,13154,4808,Rs. 465,Rs. 62,-72
19-Sep-25-01:58:06-PM,Product B,SKU C,Store C,2.3,11171,1242,Rs. 454,Rs. 66,-72
22-Sep-25-01:58:22-PM,Heel Pain Anti Crack Silicone Care Set Trusti Product,SKU C,Bunyad Collection (Karachi),1.5,4540,2535,Rs. 250,Rs. 82,-72
23-Sep-25-01:58:19-PM,Product B,SKU B,Store B,3.6,11263,1107,Rs. 332,Rs. 97,-50
24-Sep-25-01:58:07-PM,Heel Pain Anti Crack Silicone Care Set Trusti Product,130256351_PK-1290094146,Store B,4.2,2079,4490,Rs. 292,Rs. 85,-72
25-Sep-25-01:58:22-PM,Product B,SKU B,Bunyad Collection (Karachi),3.0,7074,1079,Rs. 468,Rs. 83,-50
26-Sep-25-01:58:27-PM,Heel Pain Anti Crack Silicone Care Set Trusti Product,130256351_PK-1290094146,Bunyad Collection (Karachi),2.5,3409,3119,Rs. 173,Rs. 67,-50
29-Sep-25-01:58:40-PM,Product C,SKU C,Store C,4.5,17243,1254,Rs. 193,Rs. 67,-72
30-Sep-25-01:58:19-PM,Product C,SKU C,Store B,4.6,4108,3192,Rs. 309,Rs. 100,-50
01-Oct-25-01:58:20-PM,Product B,130256351_PK-1290094146,Bunyad Collection (Karachi),4.3,7217,2554,Rs. 241,Rs. 50,-30
02-Oct-25-01:58:15-PM,Product C,SKU C,Store B,4.2,4384,3466,Rs. 150,Rs. 87,-30
03-Oct-25-01:58:15-PM,Product B,SKU B,Store B,2.6,19684,1863,Rs. 161,Rs. 90,-72
06-Oct-25-01:58:19-PM,Product C,130256351_PK-1290094146,Bunyad Collection (Karachi),1.4,4670,2370,Rs. 225,Rs. 82,-72
07-Oct-25-01:58:08-PM,Product B,SKU C,Bunyad Collection (Karachi),2.2,18467,1637,Rs. 475,Rs. 84,-72
08-Oct-25-01:58:05-PM,Product B,130256351_PK-1290094146,Bunyad Collection (Karachi),2.9,14471,2217,Rs. 377,Rs. 90,-50
09-Oct-25-01:58:06-PM,Product C,SKU B,Bunyad Collection (Karachi),2.7,10533,3720,Rs. 319,Rs. 90,-50
10-Oct-25-01:58:20-PM,Product B,SKU B,Bunyad Collection (Karachi),2.5,10525,1199,Rs. 111,Rs. 73,-50
13-Oct-25-01:58:42-PM,Product B,SKU C,Bunyad Collection (Karachi),4.8,8626,4438,Rs. 225,Rs. 50,-72
14-Oct-25-01:58:32-PM,Product B,SKU B,Bunyad Collection (Karachi),3.2,15575,1399,Rs. 488,Rs. 63,-50
15-Oct-25-01:58:50-PM,Heel Pain Anti Crack Silicone Care Set Trusti Product,SKU B,Store C,4.8,16482,4012,Rs. 497,Rs. 58,-50
16-Oct-25-01:59:14-PM,Product C,SKU B,Store B,4.5,5612,3110,Rs. 461,Rs. 69,-30
17-Oct-25-01:58:19-PM,Product B,SKU C,Store C,4.5,10237,4489,Rs. 447,Rs. 80,-72
20-Oct-25-01:58:14-PM,Product B,130256351_PK-1290094146,Store C,2.4,14573,1936,Rs. 433,Rs. 53,-72
21-Oct-25-01:58:53-PM,Product B,130256351_PK-1290094146,Bunyad Collection (Karachi),2.3,14775,4052,Rs. 231,Rs. 89,-50
22-Oct-25-02:00:16-PM,Heel Pain Anti Crack Silicone Care Set Trusti Product,130256351_PK-1290094146,Store C,1.2,9869,1127,Rs. 178,Rs. 75,-72
